ID,StartDate,EndDate,Finished,gender,sexuality,white,black,native,asian,hispanic,multi,other,socialsci,natphysci,stem,artshum,otherstudy,gpa,fraternity,sorority,geninclus,nogreek,legacy,income,finanaid,athlevel,ideology,party,clinton,sanders,trump,vote,debt,loans,loansamt,ploans,ploansamt,sateduc,satintvol,satoffterm,housing,sexassault,greeklife,Phjob,admin,BLM,divest,theD,review,alcohol,drugs,sex,sleep,bema,centergreen,preslawn,tophop,stepshall,fiftyyard,stacks,sevennone,lous,ledyard,decade,challnone,homcome,wintercar,greenkey,sophsum,docfirst,gradstate,gradplans,gradwork,gradsalary,tenyears
R_3aXRWgVZCHdObu1,5/27/2016 15:30,5/27/2016 15:35,1,1,1,,,,1,,,,1,,,,,1,1,,,,2,5,2,3,3,3,2,4,5,1,2,2,,2,,2,2,4,5,5,5,5,5,5,4,4,2,5,5,2,11,,,,,,,1,,1,,,,4,3,2,1,5,32,2,4,5,13
R_dmNEQSR3GKrzHAl,5/27/2016 15:38,5/27/2016 15:41,1,1,1,1,,,,,,,,,1,,,1,1,,,,1,5,2,3,3,3,2,2,5,1,2,2,,2,,1,1,2,3,3,4,4,5,3,4,3,5,5,1,5,9,1,,,,,,,,1,1,,,5,3,2,1,4,46,2,5,6,1
R_2PALYaAgFMGxDC6,5/27/2016 15:42,5/27/2016 15:46,1,1,1,1,,,,,,,,,1,,,2,,,1,,2,6,2,2,1,1,3,1,5,1,2,2,,2,,1,1,1,5,1,2,4,5,2,1,3,5,1,1,4,9,,,,,,,1,,,,,,3,4,5,2,1,30,1,1,3,1
R_1pWnk5csxJ5UKIT,5/27/2016 15:43,5/27/2016 15:46,1,2,1,1,,,,,,,1,,,,,2,,1,,,1,4,1,3,2,1,1,3,5,1,1,1,"25,000",2,,1,1,1,1,1,3,3,5,4,4,4,4,4,1,3,8,,,,,,,,,1,,,,3,4,2,1,5,19,4,1,3,8
R_9EmRFxONyy2eJtD,5/27/2016 15:34,5/27/2016 15:47,1,1,1,1,,,,,,,1,,,,,2,1,,,,2,7,2,3,3,5,2,4,5,1,2,2,,2,,1,2,2,2,1,4,2,4,4,4,1,4,5,3,3,11,,,,,,,1,,1,,,,1,4,2,3,5,47,1,12,8,12
R_1IzMAShMWiUJ3qf,5/27/2016 15:49,5/27/2016 15:52,1,2,3,1,,,,,,,1,,,1,,2,,1,,,1,8,2,2,1,1,2,1,5,3,2,2,,2,,2,4,1,3,2,1,5,5,1,1,4,5,4,4,5,7,1,,,,,,1,,,,,,4,5,3,1,2,5,8,9,7,9
R_24cIG8tYXaARCxp,5/27/2016 15:50,5/27/2016 15:53,1,2,1,1,,,,,,,,1,,,,2,,1,,,2,3,1,4,1,2,4,1,5,3,1,1,27500,2,,2,4,4,3,2,2,4,5,2,2,4,5,4,1,4,8,,,,,,,,,1,,,,1,5,3,4,2,42,2,2,3,13
R_0Alp6RGSyUE9LZn,5/27/2016 16:14,5/27/2016 16:17,1,2,1,,,,1,,,,1,,,,,1,,1,,,2,3,1,4,2,1,2,2,5,4,1,1,,1,,2,4,4,,,,,,,,,,,,,6,,,,,,,,,,,,,,,,,,51,4,,,
R_Y6ylmV3pG1Fz7od,5/27/2016 16:18,5/27/2016 16:21,1,2,1,1,,,,1,,,,,1,,,2,,,,1,2,5,2,4,1,1,2,1,5,1,2,2,,2,,2,2,2,5,3,3,5,5,3,1,3,3,5,2,5,7,,,,,,,,,,,,,3,4,2,5,1,32,1,14,8,8
R_7adXkG0HczAT7Qp,5/27/2016 16:21,5/27/2016 16:24,1,2,1,1,,,1,,1,1,,,,1,,1,,1,,,2,7,2,4,1,1,2,2,5,1,2,2,,2,,1,4,1,3,3,3,5,5,2,2,5,5,5,1,1,8,,,,,,,,,1,,,,3,5,4,2,1,5,2,3,5,13
R_1pnTumejwU034UG,5/27/2016 16:22,5/27/2016 16:26,1,2,1,1,,,,,,,1,,,,,1,,1,,,2,4,1,4,1,1,2,1,5,5,2,2,,2,,1,2,1,3,3,2,2,2,2,2,3,5,4,2,4,8,,,,,,,,,,,,,2,3,5,4,1,45,2,1,4,7
R_1cSQzOE8sTRniTq,5/27/2016 16:23,5/27/2016 16:28,1,3,2,1,1,,,,,,1,,,,,2,,1,,,2,1,1,1,1,4,3,2,5,3,1,1,"20,000",2,,1,2,2,3,2,2,2,4,1,1,3,5,4,2,5,9,,,,,,,,,1,,,,1,5,2,3,4,21,2,2,7,2
R_2RPMheSnnQe8GDI,5/27/2016 16:22,5/27/2016 16:28,1,2,2,1,,,,,,,,,1,,,1,,1,,,2,8,2,1,1,,2,2,5,,2,2,,2,,,,,3,2,2,3,3,1,1,4,5,4,1,5,8,,,,,,,,,,,,,3,4,5,2,1,21,2,5,7,5
R_OiYbIcNie4FbKKZ,5/27/2016 16:25,5/27/2016 16:29,1,1,2,1,,,,,,,,,,1,,1,,,1,,2,2,1,4,1,1,1,2,5,1,1,1,"8,000",2,,2,3,4,3,2,3,4,3,1,3,2,5,5,3,4,7,,,,,,,,,1,1,1,,5,2,1,3,4,38,8,13,7,9
R_BA4vBgwMTjhdgBj,5/27/2016 16:25,5/27/2016 16:29,1,2,1,1,,,,,1,,1,,,,,3,,1,,,2,8,2,3,2,1,2,3,5,1,2,2,,2,,2,2,2,3,5,4,5,5,1,3,3,4,4,1,5,9,1,,1,,,1,1,,1,,,,4,3,5,2,1,32,1,2,8,7
R_xyAHS9PzMDHVQ41,5/27/2016 16:25,5/27/2016 16:29,1,1,1,1,,,,,,,,,1,,,1,1,,,,2,5,2,4,2,1,2,2,3,1,2,2,,2,,1,1,1,3,2,3,4,4,3,1,3,3,4,2,2,8,1,,,,,,,,1,,,,5,1,4,2,3,51,1,14,8,6
R_3hshNUwYTj2kh9i,5/27/2016 16:26,5/27/2016 16:29,1,2,1,1,,,,,,,,,1,,,4,,,,1,2,3,1,1,5,7,5,5,2,3,1,1,"20,000",2,,1,1,1,5,4,4,2,1,3,1,1,1,2,1,1,6,,,,,,,,,1,,,,2,3,4,5,1,21,2,5,5,5
R_vkLz0BGkbBbynSx,5/27/2016 16:28,5/27/2016 16:31,1,2,1,,,,,,1,,1,,,,,2,,1,,,1,3,2,1,1,1,2,2,4,1,2,2,,2,,2,4,2,1,1,2,4,4,1,1,2,5,4,1,5,9,1,,1,1,1,1,1,,1,1,1,,1,5,4,2,3,21,2,3,5,10
R_w5iFj96TlLd4NwZ,5/27/2016 16:28,5/27/2016 16:33,1,1,1,1,,,,,,,1,,,,,5,,,,1,2,4,2,1,4,5,5,2,4,5,2,2,,2,,4,4,1,4,4,3,5,4,5,3,2,2,4,2,5,9,,,,,1,,,,,,,,2,4,1,3,5,30,7,10,3,10
R_eFGl77pZPlQPcsR,5/27/2016 16:30,5/27/2016 16:33,1,2,1,1,,,,,,,1,,,,,1,,1,,,2,6,2,1,1,1,1,2,5,1,2,2,,2,,1,1,1,2,2,2,5,5,2,2,3,3,4,3,5,9,,,,,,,1,,1,,1,,4,3,5,1,2,21,3,3,6,2
R_2uCckMfuHlAAoLV,5/27/2016 16:31,5/27/2016 16:34,1,2,1,1,,,,,,,,,,1,,2,,1,,,1,4,2,4,1,1,4,1,5,1,2,2,,2,,1,2,1,2,2,3,3,3,2,2,2,5,4,3,4,9,1,,,,,,,,,,,,4,5,3,2,1,32,2,2,3,2
R_3EShykb1NBik16i,5/27/2016 16:34,5/27/2016 16:38,1,2,1,,,,1,,,,1,,,,,1,,1,,,2,4,1,4,3,2,2,4,5,1,1,1,17000,2,,3,1,1,4,1,3,3,4,5,5,3,3,4,1,3,8,,,,,,,,,1,,,,1,4,2,5,3,5,2,5,6,5
R_3qpQ4aMWu2EuKuA,5/27/2016 16:35,5/27/2016 16:38,1,2,1,1,,,,,,,,,,1,,2,,1,,,1,6,2,2,2,3,2,3,5,1,2,2,,2,,1,1,2,2,3,3,2,3,3,2,2,4,4,1,2,9,,,,,,,,,,,,,3,5,4,2,1,29,2,2,3,11
R_2tkXTEpqTFKYtxF,5/27/2016 16:34,5/27/2016 16:40,1,2,1,,,,1,,,,1,,,,,4,,1,,,2,4,1,2,2,1,1,2,5,1,1,1,"15,000",2,,1,3,1,3,3,5,4,4,3,1,3,3,5,4,5,9,1,1,,1,,,1,,1,1,1,,4,5,3,1,2,32,2,12,4,12
R_qQJ6aczuMrH8sjT,5/27/2016 16:38,5/27/2016 16:41,1,1,1,1,,,,,,,1,,,,,2,,,,1,1,7,2,2,1,1,4,2,5,1,2,2,,2,,2,4,4,1,1,1,1,1,2,2,5,5,5,1,5,8,1,1,1,1,1,1,1,,1,,,,2,4,5,3,1,29,1,14,8,8
R_1imkPYchEHPs8qt,5/27/2016 16:38,5/27/2016 16:42,1,2,1,,,,,1,,,1,,,,,3,,1,,,2,4,1,4,1,1,1,1,5,1,2,2,,2,,1,1,2,5,4,5,4,5,2,3,3,5,5,4,5,7,1,,,,,,1,,,,,,3,4,2,1,5,21,2,3,4,13
R_2bV0sA2iaXaxGcI,5/27/2016 16:40,5/27/2016 16:42,1,2,1,1,,,,,,,1,,,1,,2,,,,1,2,3,1,4,2,4,3,3,5,5,2,2,,2,,1,2,1,3,3,3,3,3,3,3,3,3,2,1,1,7,,,,,,,,,1,,,,3,5,4,1,2,32,1,,,7
R_2CJ0HJ3d96M6psK,5/27/2016 16:42,5/27/2016 16:45,1,1,1,1,,,,,,,,,1,,,2,,,,1,2,4,1,2,4,6,4,4,4,3,1,1,20000,2,,1,1,1,5,3,5,3,5,5,5,5,2,5,1,1,10,,,,,,,,,,,,,3,5,2,1,4,5,2,5,6,5
R_3kyP3VzO4M743fQ,5/27/2016 16:44,5/27/2016 16:47,1,1,1,1,,,,,,,,,1,,,3,,,,1,2,7,2,1,3,6,4,5,5,3,2,2,,2,,4,5,4,4,3,4,4,4,5,5,2,3,4,1,2,8,,,,,,,,,,,,,2,3,1,5,4,21,2,3,4,4
R_2pX1uv917zsJrDc,5/27/2016 16:47,5/27/2016 16:50,1,1,2,1,,1,,,,,,,,1,,4,,,,1,2,1,1,4,2,3,2,1,5,1,2,2,,2,,2,3,3,3,2,2,2,3,2,4,3,5,5,1,4,7,,,,,,,,,1,,,,3,4,5,1,2,21,1,14,1,1
R_p3G8CIcLArLbGNj,5/27/2016 16:50,5/27/2016 16:54,1,1,2,1,,,,1,1,,1,,,1,,3,1,,,,2,3,1,4,3,5,1,4,4,1,2,2,,1,,2,3,1,5,2,5,4,4,3,4,4,4,5,1,2,7,,,,,,,,,1,,,,3,5,1,4,2,33,2,3,4,6
R_2wSjKm2Qdi6hHdK,5/27/2016 16:49,5/27/2016 16:54,1,1,1,,,,,,,1,1,,,,,5,1,,1,,2,8,1,1,2,3,5,2,5,4,1,1,"30,000",2,,5,5,5,5,5,5,5,5,4,5,4,5,1,1,1,6,,,,,,,,,,,,,4,2,3,1,5,2,8,12,3,13
R_24inrkeUXxoSGBR,5/27/2016 16:54,5/27/2016 16:58,1,2,1,1,,,,,,,1,,,,,2,,1,,,2,4,1,2,1,1,1,2,5,1,2,2,,2,,2,2,2,5,3,5,5,5,5,2,2,4,5,3,4,9,1,1,,,,,1,,,,,,1,3,2,5,4,32,2,3,4,3
R_3ERVktl0N65k4zd,5/27/2016 16:55,5/27/2016 16:59,1,1,1,1,,,,,,,1,,,,,3,1,,,,1,5,2,3,2,3,2,2,5,1,2,2,,2,,2,2,2,4,2,5,2,5,4,1,3,4,5,5,4,8,1,,,,,,,,1,,,,4,5,1,2,3,32,1,8,8,8
R_3eyTjqFfr2hV3rz,5/27/2016 16:56,5/27/2016 16:59,1,2,1,1,,,,,,,1,,,,,2,,,,1,2,5,2,4,1,3,2,2,5,1,2,2,,2,,2,3,2,4,3,3,3,3,3,2,2,4,3,1,4,8,,,,,,,,,,,,,,,,,,51,1,1,1,5
R_0d3wWET2iVoOqzv,5/27/2016 16:59,5/27/2016 17:03,1,2,1,1,,,,,,,,,,1,,2,,1,,,1,8,2,1,3,4,4,4,5,1,2,2,,2,,1,3,1,3,3,4,4,4,3,2,3,4,4,1,4,8,,,,,,,,,,,,,3,4,5,2,1,29,8,6,2,6
R_1ihB6iGJ7fYukIz,5/27/2016 17:01,5/27/2016 17:05,1,1,1,1,,,,,,,1,,,,,1,1,,,,2,8,2,3,2,3,4,2,5,1,2,2,,2,,1,2,1,4,1,5,4,5,3,3,4,4,4,2,5,8,,,1,,,,1,,1,,,,3,5,4,1,2,32,2,4,5,11
R_pK1WH0rFtHAIKOZ,5/27/2016 17:00,5/27/2016 17:05,1,2,1,1,,,,,,,,,1,,,2,,1,,,2,4,2,2,2,3,4,3,5,1,2,2,,2,,2,2,1,3,2,4,4,4,3,2,2,3,4,1,2,9,,,,,,,1,,,1,,,4,5,3,1,2,32,6,5,3,8
R_2TRyqalvV8fREDN,5/27/2016 16:57,5/27/2016 17:07,1,1,2,,,,,1,,,,,1,,,4,,,1,,2,2,1,4,2,1,2,2,5,1,2,1,0 paid it off because I work,2,,2,3,3,2,3,2,3,3,1,2,2,5,4,2,5,6,,,,,,,,,1,,,,4,1,2,3,5,29,7,1,8,13
R_3ExVF1X0gg2nejG,5/27/2016 17:03,5/27/2016 17:09,1,2,1,1,,,,1,,,1,,,,,2,,1,,,2,2,1,4,1,1,1,2,5,1,2,2,,2,,1,1,1,4,2,5,2,4,4,3,2,5,4,2,5,5,1,1,1,1,1,1,1,,1,,,,1,4,3,5,2,21,2,12,3,12
R_OOHgAMO70nDztst,5/27/2016 17:09,5/27/2016 17:12,1,2,1,,,,1,,,,1,,,,,2,,,,1,2,7,2,3,2,3,1,4,5,1,2,2,,2,,1,2,3,2,3,5,3,4,5,4,5,3,4,1,3,8,1,1,,,1,1,1,,1,1,1,,4,5,1,2,3,21,2,3,5,11
R_2Tphqxx2M7qchpt,5/27/2016 17:12,5/27/2016 17:16,1,2,3,1,,,,,,,1,,,,,2,,,,1,2,3,1,3,1,4,2,2,5,1,2,2,,2,,4,2,1,2,2,3,5,5,1,1,4,5,3,3,2,7,,,,,,,,,1,,,,3,4,1,2,5,51,2,7,3,7
R_3e4tAAW7aw52r3U,5/27/2016 17:14,5/27/2016 17:17,1,2,1,,,,1,,,,1,,,1,,3,,1,,,2,5,2,4,2,2,2,4,5,1,2,2,,2,,4,2,2,3,3,3,4,4,3,3,4,4,3,1,5,9,,,,,,,,,1,,,,3,4,2,1,5,30,2,4,5,11
R_3PYzkU4dPU57V0n,5/27/2016 17:18,5/27/2016 17:21,1,2,1,1,,,,,,,,,,1,,2,,1,,,2,7,2,3,2,3,1,4,5,1,2,2,,2,,2,2,2,5,3,5,4,4,2,2,3,5,5,3,4,9,,1,,,1,,,,1,1,,,1,5,3,2,4,32,2,9,3,9
R_cwHWYP5d6gnYPcd,5/27/2016 17:16,5/27/2016 17:22,1,1,1,,1,,,,,,1,,,,,3,,,,1,2,1,1,1,2,3,2,2,5,3,1,1,13000,2,,1,2,3,3,3,3,3,3,2,3,3,3,4,1,1,7,,,,,,,,,,,,,3,1,2,4,5,39,2,12,7,12
R_vpD8s3Id1Obh7Y5,5/27/2016 17:19,5/27/2016 17:26,1,1,1,1,,,,,,,1,,,1,,3,1,,,,2,1,1,1,4,6,5,3,2,4,1,1,10000,2,,2,2,1,4,3,5,4,5,5,5,1,2,4,1,5,7,,,,,,,,,,,,,3,5,1,4,2,32,2,4,4,4
R_5Aujlp7Nc8T1Vex,5/27/2016 17:27,5/27/2016 17:29,1,2,4,1,,,,,,,1,,,,,1,,1,,,2,8,2,3,3,3,4,5,5,5,2,2,,2,,2,2,2,5,3,5,4,4,4,2,3,4,5,1,4,8,,,,,1,,,,1,1,,,3,5,1,2,4,32,2,4,5,4
R_1Ola6xMiJXFp2AJ,5/27/2016 17:27,5/27/2016 17:31,1,2,1,1,,,,,,,,,,1,,1,,1,,,2,8,1,4,3,5,5,5,4,5,1,1,,1,,1,2,2,3,3,5,4,,3,3,3,3,3,1,3,8,,,,,,,,,1,1,,,1,3,5,2,4,32,6,12,4,12
R_2wh4aE6mKg8HhUy,5/27/2016 17:34,5/27/2016 17:37,1,1,1,,,,1,,,,,,1,,,2,1,,,,2,3,1,4,2,3,2,4,5,1,2,2,,2,,1,1,1,4,3,3,2,4,4,3,2,3,3,1,4,7,,,,,,,,,1,,,,3,4,1,2,5,32,2,4,6,4
R_1BYjWj1ze1SYjmq,5/27/2016 17:30,5/27/2016 17:39,1,2,1,1,,,,,,,1,,,,,2,,1,,,2,3,1,4,2,3,1,2,5,1,1,2,,1,"$17,000 ",1,1,1,5,4,5,5,5,5,5,4,5,5,1,1,9,,,,,,,,,1,,,,4,5,3,2,1,,2,3,5,10
R_25Fbdiko3JhlxCb,5/27/2016 17:36,5/27/2016 17:40,1,2,1,,,,1,,,,,1,,,,2,,1,,,2,5,2,2,2,2,2,2,5,5,2,2,,2,,2,2,2,3,3,3,2,3,3,3,3,3,4,1,1,8,,,,,,,,,,,,,1,4,2,5,3,21,2,3,4,1
R_3Ge4bTxx7fjpiww,5/27/2016 17:46,5/27/2016 17:50,1,2,1,1,,,,,,,1,,,,,2,,1,,,1,7,2,2,4,6,4,5,5,5,2,2,,2,,1,2,1,4,1,5,4,4,4,2,3,3,5,1,5,7,,,,,,,,,1,,1,,2,4,5,1,3,46,2,7,4,7
R_3D6ILYgOmkSN18A,5/27/2016 17:43,5/27/2016 17:51,1,2,1,1,1,,,,,,1,,,,,6,,,,1,2,2,1,1,2,2,2,3,5,1,2,2,,2,,1,1,1,5,3,3,3,3,1,3,4,5,3,3,3,9,,,,,,,,,1,,,,2,4,1,3,5,51,7,12,3,9
R_2OMuV9V4jeczp85,5/27/2016 17:48,5/27/2016 17:53,1,2,1,1,,,,,,,,,,,1,1,,,,1,2,6,2,4,1,1,2,2,5,1,2,2,,2,,1,3,2,3,3,5,4,4,3,2,3,5,5,2,4,10,,,,,,,,,,,,,3,5,1,2,4,5,2,12,4,13
R_2tFsJge0zPPTnKk,5/27/2016 17:56,5/27/2016 18:00,1,1,1,,1,,,,,,,,,1,,6,,,,1,2,5,2,4,2,1,3,2,4,1,2,2,,2,,2,2,3,4,1,,1,1,2,3,1,1,1,1,1,8,,,,,,,,,1,,,,1,3,4,2,5,19,5,14,1,8
R_bj9o0ZldqDpPw2Z,5/27/2016 18:14,5/27/2016 18:16,1,2,1,1,,,,,,,1,,,,,2,,1,,,2,7,2,4,2,2,1,2,5,1,2,2,,2,,2,2,1,5,3,5,4,5,5,3,4,4,5,1,4,8,,,,,,,1,,,,1,,3,4,2,1,5,46,2,,3,12
R_1eQxVfhbQgAwRHQ,5/27/2016 18:18,5/27/2016 18:23,1,1,1,1,,,,,,,1,,,,,1,1,,,,2,6,2,4,2,1,1,2,5,1,2,2,,2,,1,1,1,2,3,4,3,3,3,2,3,5,5,3,2,8,,,,,,,,,1,,,,2,5,3,1,4,46,2,3,4,10
R_2dA4yduzhySA51w,5/27/2016 18:20,5/27/2016 18:24,1,2,1,1,,,,,,,,,1,,,3,,,,1,1,4,2,1,2,3,2,2,5,1,2,2,,2,,2,1,1,4,3,2,3,3,1,1,3,4,4,1,4,8,,,,,,,,,1,,,,4,5,3,1,2,51,6,5,1,5
R_2D00lU9J3wfzDf6,5/27/2016 18:25,5/27/2016 18:30,1,2,1,1,,,,,,,,,1,,,1,,,,1,2,7,2,1,4,5,5,5,5,3,2,2,,2,,2,2,2,5,4,5,4,5,4,3,3,3,3,1,4,8,,,,,,,,,,,,,5,2,4,1,3,21,1,3,5,5
R_3L5Rc7cQX2LiXkr,5/27/2016 19:24,5/27/2016 19:28,1,2,1,1,,,,,,,,,1,,,2,,,,1,2,4,2,1,5,7,5,5,3,3,2,2,,2,,1,1,1,3,3,3,3,3,5,4,5,2,1,1,1,7,,,,,,,,1,1,,,,1,5,3,4,2,27,7,8,8,8
R_1d50BGXbGqlDMil,5/27/2016 20:04,5/27/2016 20:06,1,2,1,1,,,,,,,,,,1,,3,,,,1,1,7,1,1,2,2,1,4,5,1,2,1,"150,000",2,,1,1,1,2,,,,,,,,,5,3,3,9,,,,,,,,1,1,,,,3,2,1,5,4,21,2,8,3,8
R_3JabSa1EwHSRJ4T,5/27/2016 20:09,5/27/2016 20:12,1,1,1,1,,,,,,,1,,,,,1,,,,1,2,8,2,4,2,3,4,2,5,1,2,2,,2,,1,4,4,3,3,3,3,3,5,1,2,3,4,1,1,10,,,,,,,,1,,,,1,4,5,2,3,1,5,2,5,3,13
R_R7WPmYrfMcw4pBn,5/27/2016 20:16,5/27/2016 20:25,1,1,1,,,,1,,,,,,1,,,3,1,,,,2,5,2,2,3,5,3,5,5,1,2,2,,2,,1,2,1,5,3,5,5,5,5,5,4,3,4,4,3,8,,,1,,,,1,,1,,,,4,3,2,1,5,32,2,4,5,2
R_a5K2gnVSrhkO3AZ,5/27/2016 20:46,5/27/2016 20:48,1,2,1,,,,1,,,,,1,,,,4,,1,,,2,3,1,1,5,7,5,5,2,2,2,2,,2,,2,2,3,4,4,4,4,4,5,5,3,1,5,5,5,9,1,,,,,,1,,1,,1,,3,4,1,2,5,5,1,1,4,1
R_1HoDAJYGpClWkrL,5/27/2016 20:51,5/27/2016 20:57,1,1,1,1,,,,,,,1,,,,,1,1,,,,2,3,1,4,2,1,1,3,5,1,1,1,"More than 20,000",2,,1,1,2,5,4,5,5,5,5,4,4,4,4,4,5,9,1,1,1,1,1,1,1,,1,,,,2,5,1,4,3,5,1,10,8,10
R_24duXHabUDM0Fp1,5/27/2016 21:15,5/27/2016 21:18,1,2,1,,,,1,,,,1,,,,,1,,,,1,2,3,1,4,4,5,2,4,4,1,2,2,,2,,1,1,2,5,3,5,5,5,4,2,2,3,4,1,5,6,1,,,1,,,1,,1,,,,2,3,1,4,5,32,2,4,6,4
R_Oqj99UHlSE9Eza9,5/27/2016 22:18,5/27/2016 22:22,1,1,1,1,,,,,,,,,,1,,5,1,,,,2,5,2,1,4,6,5,4,3,2,2,2,,2,,1,2,2,4,3,5,5,5,5,5,4,1,5,4,2,10,,,,,,,,1,,1,,,4,5,3,1,2,29,2,12,4,13
R_3GiUdmJEeNq4Mmd,5/27/2016 22:24,5/27/2016 22:29,1,2,1,1,1,,,,1,,,,1,,,5,,1,,,2,7,2,2,3,4,2,4,5,1,2,2,,2,,2,4,3,2,3,4,2,3,2,1,4,5,4,2,5,8,1,,1,1,,,1,,1,,,,4,5,3,1,2,21,2,5,3,13
R_8uhZI9BqOWdRSxj,5/27/2016 22:15,5/27/2016 22:46,1,2,1,1,,,,,,,1,,,,,6,,1,,,2,3,1,1,2,2,2,3,5,1,2,2,,2,,1,2,3,3,2,2,3,3,5,5,3,3,5,1,1,8,,,,,,,,1,1,1,1,,3,4,2,1,5,51,8,14,7,4
R_2uyWKgXLbcQL3ll,5/27/2016 22:56,5/27/2016 22:58,1,2,1,,,,1,,,,,,,1,,2,,,,1,2,2,1,4,2,2,2,2,5,1,2,2,,2,,1,2,2,3,3,3,3,2,2,3,4,4,2,1,1,8,,,,,,,,1,,,,1,2,3,5,4,1,21,1,,8,2
R_3NVaTYvMbLPR1Dr,5/27/2016 23:06,5/27/2016 23:10,1,2,1,1,,,,,,,1,,,1,,3,,1,,,1,8,2,2,3,4,5,5,4,3,2,2,,2,,2,2,4,4,4,5,5,5,4,3,4,4,4,1,3,8,,,,,,1,,,1,1,,,4,5,2,3,1,21,2,13,7,12
R_1Kg9BJQYUd2f92e,5/27/2016 23:11,5/27/2016 23:15,1,2,1,1,,,,,,,1,,,1,,1,,,,1,2,5,2,2,1,1,1,2,5,1,2,2,,2,,2,2,2,2,3,3,3,3,1,1,2,5,4,3,1,9,,,,,,,,1,1,1,,,5,4,3,1,2,52,2,3,4,13
R_3D8dTXt4HZglXb3,5/27/2016 23:24,5/27/2016 23:27,1,1,1,,,,,,1,,1,,,,,2,1,,,,1,8,2,4,3,3,4,4,5,1,2,2,,2,,1,1,1,3,3,5,4,5,5,3,4,4,4,1,5,8,1,,,1,,,1,,1,,,,2,5,4,3,1,52,2,10,4,11
R_3G38WH3K12MCzS4,5/27/2016 23:57,5/28/2016 0:00,1,2,1,,,,1,,,,,1,,,,3,,1,,,2,4,1,4,2,3,2,2,5,5,1,1,1000,2,,1,2,2,2,2,3,2,4,3,3,3,4,3,1,1,9,,,,,,,,1,1,,,,4,5,3,2,1,32,2,3,4,8
R_3rZddHA2bl1Ryzk,5/28/2016 0:23,5/28/2016 0:25,1,1,1,1,,,,,,,1,,1,,,3,1,,,,1,7,2,1,4,5,4,5,5,3,2,2,,2,,1,1,1,5,3,5,2,4,5,4,4,4,1,1,5,7,1,,1,1,,1,1,,1,,,,3,4,2,1,5,32,1,4,8,5
R_qKikjwKUDK70XNn,5/28/2016 0:31,5/28/2016 0:35,1,1,2,1,,,,,,,,,1,1,,1,1,,,,1,5,1,4,1,1,1,1,5,1,2,1,,1,,1,2,2,2,2,4,2,2,3,3,2,4,5,5,5,7,1,,,,,,1,,1,,1,,4,5,1,2,3,52,2,3,4,13
R_25RsBNAaprxyh0v,5/28/2016 1:59,5/28/2016 2:04,1,1,1,1,,,,1,,,1,,,,,3,1,,,,2,3,1,2,2,2,2,1,5,4,1,2,,2,,1,1,1,2,1,4,3,4,2,1,2,4,5,1,2,7,,,,,,,,1,,1,,,4,2,3,5,1,51,2,13,3,13
R_2dyximNxcs51Q2y,5/28/2016 6:33,5/28/2016 6:36,1,1,1,,,,,1,,,,,1,,,5,,,1,,2,1,1,4,1,4,5,2,5,3,1,1,4000,2,,1,1,1,4,1,5,4,5,4,1,5,5,4,1,4,6,,,,,,,1,,1,,,,1,4,2,3,5,43,2,5,7,5
R_xo09rvkbELozFYt,5/28/2016 8:37,5/28/2016 8:40,1,2,1,1,,,,,,,,,1,,,3,,,,1,1,4,1,2,2,3,4,2,5,1,1,1,"10,000",2,,2,2,1,3,2,4,4,4,2,2,2,4,2,1,1,8,,,,,,,,1,1,,,,3,5,4,2,1,2,1,14,8,13
R_3JL5buDHpLzKqi8,5/28/2016 9:12,5/28/2016 9:17,1,2,1,1,,,,,,,,,1,,,1,,1,,,2,5,2,3,4,7,5,4,5,3,2,2,,2,,1,1,1,5,3,5,4,5,4,5,2,2,5,1,1,8,,,,,,,,1,1,1,,,1,4,3,2,5,52,2,3,5,5
R_2cqneI6igR0RjOr,5/28/2016 9:27,5/28/2016 9:34,1,2,1,1,,,,,,,,1,,,,2,,1,,,2,8,2,1,2,3,2,2,5,1,2,2,,2,,1,1,1,3,2,2,2,2,2,1,1,4,4,1,,8,1,,,,,1,,,,1,,,5,4,3,2,1,52,2,1,3,8
R_25MUr3aKaSSAynN,5/28/2016 10:30,5/28/2016 10:35,1,2,1,1,,,1,1,1,,,1,,,,4,,1,,,2,7,2,4,2,2,2,2,5,1,2,2,,2,,1,1,1,2,2,3,4,4,2,2,3,5,3,1,5,8,1,1,1,1,1,1,1,,1,,1,,5,4,2,1,3,5,2,4,4,13
R_31z8fl1ZQTrSszR,5/28/2016 10:37,5/28/2016 10:40,1,1,2,,,,,1,,,,,,1,,3,,,,1,2,3,1,1,2,1,1,4,5,1,1,1,5000,2,,1,2,2,1,1,2,2,3,2,2,2,5,4,2,5,7,,,,,,,,1,1,,,,1,4,3,2,5,21,2,5,5,5
R_1JUtupFKcKsYYbu,5/28/2016 10:52,5/28/2016 10:55,1,1,1,1,,,,,,,1,,,,,5,1,,,,2,3,1,1,4,5,5,5,4,2,2,2,,2,,1,1,1,4,3,5,5,5,5,4,4,2,4,4,5,8,1,,,,,,1,,1,,,,3,5,4,2,1,32,2,4,5,5
R_12mvf6DKfXD1YD8,5/28/2016 11:13,5/28/2016 11:16,1,1,1,,,,1,,,,1,,,,,1,1,,,,2,3,1,3,3,3,2,5,5,1,2,2,,2,,1,1,1,4,3,5,5,5,5,5,5,2,5,4,5,7,1,,,,,,1,,1,1,,,4,5,2,3,1,5,2,4,6,4
R_x5irwzZViURHdpn,5/28/2016 11:17,5/28/2016 11:22,1,2,1,1,,,,,,,1,,,,,3,,1,,,2,4,1,4,4,7,5,5,4,5,1,1,"23,000",2,,1,1,1,3,2,4,4,4,4,3,2,2,4,1,1,8,,,,,,,,1,1,,,,3,4,2,1,5,13,2,13,7,2
R_27Hz4qOOSIIG9b5,5/28/2016 11:26,5/28/2016 11:29,1,2,1,1,,,,,,,,,,1,,1,,1,,,2,4,1,4,2,3,4,1,5,1,1,1,"36,000",2,,1,1,1,4,2,4,5,5,4,3,4,5,4,1,5,9,,,,,,,,1,,,,1,2,4,3,1,5,21,7,2,2,2
R_3CDet8Hke91rWjN,5/28/2016 12:10,5/28/2016 12:14,1,2,1,1,,,,,,,,1,,,,6,,,1,,1,7,2,4,1,1,2,1,5,1,2,2,,2,,4,2,1,3,1,3,3,4,1,1,3,5,5,5,4,6,,,,,,,,1,1,1,,,3,4,5,1,2,5,5,7,1,7
R_2DXMs3LERnD0ou9,5/28/2016 12:38,5/28/2016 12:42,1,2,1,1,,,,,,,,1,,,,2,,,,1,2,4,1,4,4,6,4,5,2,4,1,,,1,"100,000",4,2,2,2,3,4,4,5,5,5,5,2,4,1,5,8,1,,,1,,,1,,1,,,,1,3,2,4,5,51,2,3,5,8
R_ToV31eQNlxnxmVz,5/28/2016 13:42,5/28/2016 13:48,1,2,1,1,,,,,,,1,,,,,2,,1,,,2,5,2,4,2,2,1,2,5,1,2,2,,2,,1,1,1,5,2,5,5,5,5,3,3,3,3,3,4,7,1,,,,,,1,,1,1,1,,4,5,2,1,3,32,2,3,4,3
R_0eQStHwnCNF81BD,5/28/2016 14:02,5/28/2016 14:04,1,2,1,1,,,,,,,1,,,1,,1,,,1,,2,3,1,4,1,1,1,2,5,1,2,1,"13,500",2,,1,2,4,2,1,3,5,5,2,1,2,5,1,3,1,8,,,,,,,,1,1,,,,1,3,2,5,4,7,1,,8,10
R_1f13ytkaHJPoPn2,5/28/2016 14:41,5/28/2016 14:44,1,2,1,1,,,,,,,1,1,,,,2,,,,1,2,3,1,4,2,1,1,1,5,1,2,2,,2,,2,1,1,2,2,3,4,4,5,3,5,5,4,1,2,8,,,,,,,,1,1,,,,2,4,3,5,1,21,4,8,3,8
R_5igmNZqAZnJa7yp,5/28/2016 14:22,5/28/2016 15:17,1,1,1,,,,1,,,,1,,,,,2,1,,,,2,4,1,1,4,5,4,5,3,5,2,2,,2,,3,3,2,5,3,5,4,5,5,3,3,3,5,1,5,7,,,,,,,1,,1,,,,1,2,3,4,5,,2,4,5,4
R_tPoV0RKs7vvQF21,5/28/2016 15:57,5/28/2016 15:59,1,1,1,,,,,,1,,,,1,,,4,,,,1,2,8,2,2,3,5,3,5,5,5,2,2,,2,,2,1,1,3,3,3,2,4,5,3,5,5,1,1,5,7,,,,,,,1,,1,,,,2,3,5,4,1,46,2,5,5,11
R_3ffqLpX9vAzjcsc,5/28/2016 16:19,5/28/2016 16:23,1,2,1,1,,,,,,,,1,,1,,1,,1,,,2,7,2,2,2,1,2,2,5,1,2,2,,2,,1,2,1,2,2,5,3,4,4,1,4,5,5,1,3,9,,,,,,,,1,1,,,,3,5,4,1,2,32,4,1,3,8
R_bOy2yjQC7y4eECJ,5/28/2016 17:44,5/28/2016 17:48,1,2,3,,1,,,,,,1,,,1,,2,,1,,,2,4,2,4,1,3,4,2,5,5,1,1,"22,000",1,,2,2,4,4,3,3,4,5,1,3,3,5,5,3,3,6,,,,,,,,1,,,,1,2,3,1,5,4,32,2,7,3,7
R_2asGYgFNMy2aY3S,5/28/2016 18:38,5/28/2016 18:42,1,1,1,,,,,,1,,1,,,,,6,,,,1,2,3,1,1,3,3,3,2,5,1,1,1,15000,2,,2,2,4,4,3,4,3,3,3,3,3,3,1,1,1,6,,,,,,,,1,,,,1,2,5,1,4,3,45,2,6,3,5
R_1laWEe88IBpVjML,5/28/2016 20:03,5/28/2016 20:06,1,2,1,1,,,,1,,,1,,,,,1,,1,,,2,4,2,4,2,3,1,2,5,1,2,2,,2,,2,2,2,5,4,5,5,5,2,2,2,5,5,2,5,9,,,,,,,,1,,,,1,4,2,1,3,5,32,2,2,3,13
R_3M4ohde7xnitVP6,5/28/2016 22:57,5/28/2016 23:02,1,1,1,,,,1,,,,1,,,,,2,1,,,,2,4,1,1,2,2,3,3,5,1,2,2,,2,,2,2,3,3,3,4,4,4,5,4,3,4,5,3,5,9,,1,,,,1,,,1,,,,4,5,3,1,2,52,2,3,5,11
R_ZpBh7hGiQjorabT,5/29/2016 9:31,5/29/2016 9:35,1,2,1,,1,,,,1,,,,,1,,2,,1,,,2,1,1,4,1,1,2,1,5,1,2,2,,2,,1,1,1,4,3,3,5,5,1,1,2,5,5,2,1,6,,,,,,,,1,1,,,,4,5,3,1,2,5,7,6,7,6
R_DVwxGa78rGmjRpD,5/29/2016 11:19,5/29/2016 11:27,1,2,1,1,,,,,,,1,,,,,2,,1,,,2,5,2,2,4,6,4,5,5,5,2,2,,2,,1,2,2,4,3,4,2,5,3,4,4,4,4,1,4,8,,,,,,,1,,1,,,,3,5,4,2,1,,8,,,9
R_cwl7UGYpQWJNI8F,5/29/2016 9:07,5/29/2016 11:42,1,2,1,1,,,,,,,,1,,,,3,,,,1,2,4,1,3,2,4,4,4,5,3,2,2,,2,,1,2,2,4,3,3,4,4,3,1,3,3,4,2,2,8,,,,,,,,1,,1,,,3,4,5,2,1,37,8,13,7,8
R_3qQkS1aoReWEnBv,5/29/2016 12:12,5/29/2016 12:17,1,2,1,,,,1,,,,,,1,,,2,,,1,,2,4,1,2,1,1,2,1,5,1,1,,,,,1,2,1,4,3,5,5,5,3,1,3,3,4,1,5,8,,,,,,,1,,,,,1,4,3,2,1,5,38,1,14,8,6
R_2477dYn1wTWeQWz,5/29/2016 13:30,5/29/2016 13:35,1,2,1,1,,,,,,,1,,,,,6,,,,1,2,8,2,1,3,4,3,4,5,1,2,2,,2,,1,1,2,5,3,4,4,4,5,5,3,3,4,1,5,8,1,,,1,,,1,,,1,,,4,5,3,1,2,21,2,3,4,13
R_88oQKuiSBVL2soh,5/29/2016 14:20,5/29/2016 14:24,1,2,1,1,,,,,,,,,,1,,2,,1,,,1,7,2,2,1,1,2,1,5,1,2,2,,2,,1,2,1,2,2,2,2,4,1,1,2,5,5,1,3,9,,,,,,,,1,1,,,,3,5,2,1,4,5,2,12,7,13
R_xaAAiiycWIyITQt,5/29/2016 14:39,5/29/2016 14:42,1,1,1,1,,,,,,,1,,,,,1,,,,1,2,6,2,3,4,5,5,4,4,5,2,2,,2,,1,2,1,4,4,3,5,5,5,3,4,1,5,1,3,9,,,,,,,,1,,,,1,3,5,4,1,2,51,1,14,8,10
R_27O1MUDKS0EEv4E,5/29/2016 14:40,5/29/2016 14:43,1,2,1,,1,,,,,,,,,1,,5,,,,1,1,1,1,4,1,1,5,2,5,3,1,1,"12,000",2,,2,1,1,3,2,3,5,5,1,1,5,5,3,2,5,9,,,,,,,1,,1,,,,3,4,2,5,1,5,2,7,3,11
R_2QxRz2X2hR4ETfR,5/29/2016 14:40,5/29/2016 14:46,1,2,1,,,,1,,,,1,,,,,2,,1,,,2,6,2,2,3,4,3,5,5,1,2,2,,2,,1,1,1,4,3,5,4,4,4,3,2,3,4,1,3,7,,,,,,,,1,1,1,,,3,4,2,1,5,32,2,7,3,12
R_2VrTqHkdal43Hn9,5/29/2016 14:43,5/29/2016 14:47,1,1,1,1,,,,,,,1,,,,,3,1,,,,1,7,2,3,1,1,2,2,5,1,2,2,,2,,2,3,4,5,4,5,4,4,3,2,3,5,5,4,3,8,,,,,,,1,,,,,1,2,5,3,1,4,,8,,7,13
R_abdYSgeVs2f5jsR,5/29/2016 14:43,5/29/2016 14:47,1,2,1,1,,,,,,,1,,,,,2,,1,,,2,7,2,4,2,2,4,4,4,1,2,2,,2,,2,1,1,3,,3,2,2,4,3,4,5,5,1,5,9,,,,,,,,1,,,,1,5,3,4,2,1,32,2,7,4,7
R_2PaM72CMq7XyMRH,5/29/2016 14:41,5/29/2016 14:47,1,1,1,1,,,,,,,1,,,,,4,1,,,,2,4,1,2,1,2,4,2,5,4,1,1,11000,2,,2,3,2,4,2,4,4,4,4,1,4,4,5,2,3,8,,,,,,,,1,1,1,,,3,2,1,5,4,32,2,11,4,11
R_2Sq1ZcXq1dmOAw7,5/29/2016 14:43,5/29/2016 14:48,1,2,2,1,,,,,,,1,,,,,6,,1,,,2,3,1,1,1,3,1,2,5,4,2,2,,2,,2,2,1,4,3,4,4,4,4,4,2,2,4,1,2,10,1,,,,,,,,,,,1,3,5,2,1,4,43,8,6,3,13
R_3Ebyn5cmk4twRVM,5/29/2016 14:45,5/29/2016 14:50,1,2,1,1,,,,,,,1,,,,,3,,1,,,1,7,2,2,2,3,3,4,5,1,2,2,,2,,1,3,2,,,4,,4,,,,,4,4,3,9,,,,,,,,1,1,1,,,2,4,5,1,3,52,2,3,5,7
R_xtqSSEkLbilRExb,5/29/2016 14:50,5/29/2016 14:54,1,1,2,1,,,,1,,,1,1,,,,2,,,,1,2,4,1,2,4,5,1,2,4,1,1,1,22000,2,,1,1,1,5,5,5,5,5,5,3,5,2,4,5,5,7,1,,1,,,,1,,1,1,,,4,2,3,5,1,38,1,1,3,1
R_27jubwBTNcvBqOq,5/29/2016 14:47,5/29/2016 15:03,1,2,1,1,,,,,,,1,,,,,2,,,,1,2,2,1,4,1,1,2,1,5,1,1,1,10000,2,,1,1,3,1,3,3,5,5,3,1,4,5,3,1,2,7,,,,,,,,1,,,,1,1,2,4,3,5,21,1,1,2,1
R_3rZYStva7Zdpn3K,5/29/2016 15:05,5/29/2016 15:08,1,2,1,,,,1,,,,1,,,,,2,,1,,,2,3,1,3,3,3,,,,1,2,2,,2,,2,1,2,1,2,2,3,3,2,1,3,5,4,1,2,7,,,,,,,,1,1,,,,2,1,3,5,4,32,2,12,4,12
R_1K9dseKZPuiFjBB,5/29/2016 14:56,5/29/2016 15:09,1,2,1,1,,,,,,,1,,,,,1,,,,1,2,4,2,4,1,2,1,3,5,1,2,2,,2,,1,3,2,3,2,2,3,3,2,2,2,5,5,3,4,7,,,,,,,,1,,,1,,4,5,2,1,3,39,1,1,3,1
R_wTdsI2hAwG2B3eF,5/29/2016 15:10,5/29/2016 15:14,1,2,1,1,,,,,,,1,,,,,3,,1,,,2,4,1,4,3,3,2,5,5,1,1,1,"$18,000 ",2,,1,1,1,1,2,2,2,2,3,3,2,4,4,1,1,8,,,,,,,,1,1,,,,4,5,2,1,3,32,2,7,3,10
R_2E6voaRDHGKffmy,5/29/2016 15:11,5/29/2016 15:15,1,1,1,1,,,,,,,,1,,,,,,,,1,2,8,1,1,3,3,3,3,4,4,2,2,,2,,1,1,1,2,2,4,2,2,4,3,3,3,2,1,1,7,,,,,,,,1,,,,1,4,5,3,2,1,29,4,2,3,8
R_1ilZZoEsZV7qme1,5/29/2016 15:21,5/29/2016 15:24,1,1,1,1,,,,,,,1,1,,,,3,1,,,,2,2,1,2,2,3,2,2,5,1,1,2,,2,,1,2,2,5,2,5,3,4,3,3,3,3,1,1,2,8,,,,,,,,,,,,,4,5,1,3,2,52,2,3,4,8
R_2D80uLNCFFF47Js,5/29/2016 15:24,5/29/2016 15:27,1,2,1,1,,,,,,,,,,1,,1,,1,,,2,3,1,3,2,1,3,2,5,1,2,1,"2,200",2,,1,1,1,1,2,3,2,3,2,2,2,3,5,1,3,10,1,,1,,,,,,1,,,,4,5,3,1,2,32,2,9,3,9
R_AtwNl8zXrwvjwSB,5/29/2016 15:24,5/29/2016 15:27,1,2,1,1,,1,,,,,1,,,,,4,,1,,,2,2,1,3,5,6,5,5,3,2,1,1,"50,000",1,,1,2,2,5,5,5,5,5,5,3,4,2,5,3,5,8,,,,,,1,,,,1,,,2,5,3,1,4,5,2,5,5,13
R_1QFb5vdmrVVSSij,5/29/2016 15:25,5/29/2016 15:28,1,1,1,1,,,,,,,,,1,,,3,,,,1,1,5,2,3,4,4,2,5,5,1,2,2,,2,,1,1,1,3,3,4,4,4,3,3,3,3,5,1,1,9,,,,,,,,1,,,,1,4,3,5,1,2,5,2,5,6,5
R_1pDyPsuAG6uathU,5/29/2016 15:32,5/29/2016 15:35,1,2,1,,,,1,,,,1,,,,,3,,1,,,2,1,2,2,4,5,4,5,1,2,2,2,,2,,2,2,2,5,5,5,5,5,5,5,5,1,4,1,3,7,,,,,,,,1,1,1,1,,2,3,1,5,4,32,2,4,5,11
R_3dSmRIFnObLmLNI,5/29/2016 15:34,5/29/2016 15:37,1,2,1,1,,,,,,,1,,,,,3,,1,,,2,7,2,4,3,5,2,5,5,1,2,2,,2,,1,2,1,2,3,4,4,4,3,5,2,4,5,3,4,9,,,,,,,,1,,,,1,4,5,1,2,3,32,2,7,3,7
R_5dvqPwBBSvg9vcl,5/29/2016 15:35,5/29/2016 15:38,1,2,1,,,,1,,,,,,1,,,4,,1,,,2,4,2,4,2,2,4,3,5,1,2,2,,2,,2,2,1,2,4,5,4,5,2,2,2,5,5,5,5,7,,1,1,1,1,,1,,1,1,1,,3,4,2,1,5,21,2,4,4,2
R_3fW9VfltJCYJbX1,5/29/2016 15:36,5/29/2016 15:39,1,2,1,1,,,,,,,1,,,,,2,,1,,,2,7,2,4,3,3,1,4,5,1,2,2,,2,,1,2,3,5,4,5,5,5,4,3,2,5,5,1,3,8,,,,,,,,1,1,,,,3,5,2,1,4,51,3,7,7,10
R_10CrtJBJ00JZN4U,5/29/2016 15:37,5/29/2016 15:41,1,2,1,1,,,,,,,1,1,,,,3,,1,,,2,3,1,4,2,1,1,1,5,1,1,2,,1,"$10,000 ",2,2,2,4,3,4,4,4,3,1,3,4,4,1,3,8,,,,,,,,1,1,,,,2,4,1,3,5,21,4,8,3,8
R_21G1zmrKuUABm2x,5/29/2016 15:39,5/29/2016 15:43,1,2,4,1,,,,,,,,1,,1,,3,,,,1,2,4,2,1,2,3,4,4,5,1,2,2,,2,,1,4,2,5,5,3,4,4,4,4,3,3,5,2,1,7,,,,,,,,1,,,,1,1,3,2,5,4,29,2,1,3,13
R_ePyPnVCzKEAdQ6R,5/29/2016 15:40,5/29/2016 15:45,1,2,1,1,,,,,,,,1,,,,5,,,1,,2,8,2,1,3,4,4,4,5,4,2,2,,2,,2,4,4,3,2,3,4,2,2,1,4,4,4,1,2,6,,,,,,,,1,1,,,,4,5,3,2,1,5,4,6,7,6
R_1Nh2x0gzmZWKTNX,5/29/2016 15:42,5/29/2016 15:45,1,2,1,1,,,,,,,1,,,,,2,,1,,,2,7,2,2,2,3,2,3,5,1,2,2,,2,,2,1,1,3,3,4,5,5,1,1,3,5,5,2,3,9,,,,,,,,1,,,,1,3,4,2,1,5,21,2,13,7,13
R_3JgTgelNgWwmcSc,5/29/2016 15:44,5/29/2016 15:48,1,2,1,,1,,1,,,,1,,,1,,7,,1,,,2,3,1,1,1,2,4,2,5,1,1,1,"40,000",2,,2,2,2,3,4,4,4,5,2,1,2,5,5,2,,8,,,,,,,,1,1,1,,,3,4,1,2,5,21,2,4,4,7
R_3q8xa5AahNmUU8e,5/29/2016 15:47,5/29/2016 15:50,1,1,1,1,,,,,,,,,1,,,3,,,,1,2,4,1,3,2,3,2,2,5,1,1,1,13000,2,,1,3,2,5,4,4,5,5,4,2,4,5,5,4,5,9,,,,,,,,1,,,,1,4,5,2,1,3,5,2,5,7,5
R_2fxQYOv0kdDaoVG,5/29/2016 15:49,5/29/2016 15:52,1,2,1,1,,,,,,,,,,1,,1,,1,,,1,5,2,4,1,1,2,1,5,1,2,2,,1,,2,2,2,3,3,2,3,3,1,1,3,5,4,1,,8,,,,,,,,1,,,,1,2,1,5,3,4,29,2,2,3,12
R_Uxoju6wZYga5ZXr,5/29/2016 15:42,5/29/2016 15:52,1,2,1,1,,,,,,,,,1,,,2,,,,1,1,4,1,4,2,2,2,1,5,1,1,1,"~20,000",1,a lot,2,2,1,3,4,3,4,4,1,1,3,4,4,3,1,9,,,,,,,,1,,,,1,3,4,1,2,5,5,2,3,4,11
R_2t9Aiq4UPkJzT2s,5/29/2016 15:50,5/29/2016 15:53,1,2,1,,,,1,,,,1,,,,,2,,1,,,2,2,1,4,2,3,2,3,4,1,2,2,,2,,2,2,3,5,3,4,4,4,5,3,3,3,4,1,5,8,1,1,,,1,,1,,,,,1,1,5,2,4,3,32,2,4,5,10
R_2sZ4SnDEVhOboQx,5/29/2016 15:43,5/29/2016 15:53,1,1,1,1,,,,,,,,1,,,,3,1,,,,1,4,1,2,4,5,4,5,5,5,1,1,"5,000",2,,1,1,1,5,3,5,5,5,5,5,5,1,5,2,5,7,,,,,,,,1,,1,,,3,4,2,1,5,21,2,1,3,8
R_2SCdt4LCHtKyB5l,5/29/2016 15:50,5/29/2016 15:54,1,1,2,1,,,,,,,,1,,,,3,1,,,,2,8,2,4,3,6,5,5,5,3,2,2,,2,,1,1,1,5,3,5,5,5,5,5,5,2,5,5,3,9,,,,,,,,1,1,,,,1,5,2,3,4,7,2,4,6,4
R_1NsHKuYOHLAH2z9,5/29/2016 15:51,5/29/2016 15:55,1,2,1,1,,,,,,,1,1,,,,3,,1,,,2,5,2,2,2,3,2,2,5,1,2,2,,2,,2,2,1,3,4,3,4,4,2,2,3,4,4,3,5,8,1,,,,,1,1,,1,1,,,4,5,3,1,2,51,8,,8,7
R_23gEU5hoWGL1rWv,5/29/2016 15:57,5/29/2016 15:59,1,2,1,1,,,,,,,1,,,,,3,,1,,,2,4,2,1,4,6,4,5,2,5,2,2,,2,,2,2,3,3,3,5,5,5,4,2,3,3,4,1,3,9,1,,,,,,1,,,1,,,4,5,3,1,2,21,2,6,3,6
R_2SCtt40VXn8SLcB,5/29/2016 16:02,5/29/2016 16:04,1,1,1,1,,,,,,,,,,1,,2,1,,,,2,6,2,1,2,2,3,5,5,1,2,2,,2,,2,3,2,4,4,4,5,5,5,3,4,3,5,3,4,7,,,,,,,,1,1,1,,,4,5,3,1,2,32,2,4,5,2
R_1oIqwzo9Xi6FxNj,5/29/2016 16:02,5/29/2016 16:06,1,2,3,1,,,,,,,,,,1,,1,,,,1,2,3,1,2,3,2,3,3,5,1,2,2,,1,10000,1,2,2,2,2,3,3,3,4,3,3,3,1,1,1,8,,,,,,,,1,1,,,,3,5,4,2,1,5,4,5,4,1
R_2uPWHzx06Zh0qNt,5/29/2016 15:42,5/29/2016 16:08,1,1,1,1,,,,,,,,,,1,,2,1,,,,2,5,2,2,2,4,4,2,5,1,2,2,,2,,1,1,1,2,2,3,3,4,3,1,3,2,5,5,5,8,1,,,,,,1,,,,,1,3,4,2,1,5,7,2,2,4,2
R_sIlpp6ttVvbMeoV,5/29/2016 16:06,5/29/2016 16:11,1,1,1,,,,,,1,,1,,,,,1,,,,1,1,5,2,2,1,1,1,1,5,1,2,2,,2,,1,1,1,1,2,3,4,3,1,1,2,5,4,1,5,8,,,,,,,,1,,,,1,5,3,4,2,1,29,1,1,7,1
R_22twV7qGvn6SQSh,5/29/2016 16:16,5/29/2016 16:19,1,1,1,1,,,,,,,,,,1,,2,1,,,,1,4,2,3,1,1,4,1,5,3,2,2,,2,,1,2,1,4,3,4,5,5,3,2,4,5,5,3,5,9,1,1,,,,,1,,1,,,,4,5,2,1,3,32,2,6,4,6
R_RWBbeLxwc7BsvhD,5/29/2016 16:19,5/29/2016 16:22,1,2,1,,,,1,,,,,,,,1,,,1,,,2,6,2,4,1,4,2,2,5,1,2,2,,2,,2,2,2,2,2,4,4,4,3,2,3,5,4,2,2,7,,,,,,,,1,1,,,,3,5,2,1,4,5,2,5,7,5
R_3ktAYNTUQZj0Qqr,5/29/2016 16:27,5/29/2016 16:32,1,1,1,1,,,,,,,1,,,,,1,,,,1,2,1,1,4,3,3,4,2,4,5,1,1,"15,000",2,,1,2,2,3,3,3,4,5,3,2,3,4,3,1,5,8,,,,,,,1,,,,,1,2,3,1,5,4,52,2,3,5,11
R_2fku2NCizZGmLGp,5/29/2016 16:30,5/29/2016 16:33,1,1,1,1,,,,,,,1,,,,,1,1,,,,1,5,2,3,2,1,1,2,5,1,2,2,,2,,1,1,1,4,3,5,4,5,5,2,5,5,5,3,3,9,,,,,,,,1,,,,1,2,4,3,1,5,21,2,4,6,11
R_3w1GnvkXEU9xbS9,5/29/2016 16:39,5/29/2016 16:44,1,2,1,1,,,,,,,1,,,,,4,,1,,,2,3,1,1,2,3,2,2,5,4,1,1,"20,000",1,"10,000",2,3,3,3,4,2,2,1,3,3,3,3,4,3,2,8,,,,,,,,1,1,1,,,4,5,3,1,2,51,4,,,5
R_30jHtrsH1AEPM6o,5/29/2016 16:46,5/29/2016 16:49,1,1,1,1,,,,,,,1,,,,,1,1,,,,1,7,2,2,1,1,1,1,5,1,2,2,,2,,2,2,2,2,3,3,4,4,2,2,3,5,5,2,5,8,1,1,1,1,1,1,1,,1,,,,4,5,3,1,2,,2,6,2,6
R_2q9ueZ2rKHw1jYh,5/29/2016 16:52,5/29/2016 16:56,1,2,1,1,1,,,,,,,,1,,,1,,,,1,2,5,1,2,5,4,5,5,5,4,1,1,"$60,000 ",2,,5,4,2,4,5,5,5,5,5,5,4,1,1,1,1,7,,,,,,,,1,,,,1,2,3,4,5,1,46,2,4,4,14
R_24r7gaVa9xvvRx6,5/29/2016 16:55,5/29/2016 16:59,1,2,1,1,,,,,,,,,,1,,2,,1,,,1,8,2,4,2,2,1,3,5,1,2,2,,2,,2,4,1,3,3,4,5,5,3,3,4,3,4,1,5,7,,,,,,,1,,,,,1,1,4,5,2,3,32,7,6,7,6
R_3oZWE8p4LEGz13b,5/29/2016 16:59,5/29/2016 17:04,1,1,1,1,,,,,,,,,,1,,1,1,,,,2,6,2,2,2,2,2,2,5,1,2,2,,2,,1,1,1,5,2,5,5,5,4,2,5,2,5,4,4,9,1,,,,,,,,,1,,,4,5,3,1,2,32,2,3,5,13
R_1dnxg9ePua93pqF,5/29/2016 16:58,5/29/2016 17:04,1,2,1,1,,,,,,,,,,1,,3,,1,,,2,5,1,4,1,1,1,2,5,1,1,1,"20,000",1,"100,000",1,2,1,2,2,3,4,4,2,2,3,5,5,2,3,7,,,,,,,,1,1,1,,,4,5,3,2,1,5,2,9,3,9
R_1n6GjCUqcBOdKYZ,5/29/2016 17:01,5/29/2016 17:05,1,2,1,,,,1,,,,,1,1,,,1,,1,,,2,3,1,4,1,1,2,1,5,1,2,2,,2,,1,2,2,3,3,3,4,4,2,3,3,4,1,1,1,7,1,1,1,1,1,1,1,1,,,,1,,,,,,45,1,,,8
R_1BXICQFKiOCBZoE,5/29/2016 17:02,5/29/2016 17:07,1,2,1,1,,,,,,,,,1,,,3,,,,1,2,3,1,4,1,4,3,1,5,3,1,1,"$20,000 ",2,,1,2,1,3,2,1,3,3,1,1,3,5,3,1,5,8,1,,,,1,,1,,,,,1,5,3,4,2,1,29,1,5,7,5
R_1QFv80jZUGIDl7a,5/29/2016 16:59,5/29/2016 17:09,1,2,1,1,,,,,,,,,1,,,3,,,,1,,3,1,1,2,3,2,2,5,1,1,,,,,2,2,3,4,1,2,3,4,2,2,2,2,3,1,2,9,,,,,,,,1,1,,1,,1,2,3,5,4,45,7,14,8,7
R_1LuFtSHK4bSYAWj,5/29/2016 17:05,5/29/2016 17:09,1,2,1,1,,,,,,,1,,,,,4,,,,1,1,3,1,1,1,3,2,1,5,1,1,1,2100,,,2,1,2,2,3,3,4,4,2,2,5,5,3,1,1,8,,,,,,,,1,,,,1,3,2,5,4,1,20,8,7,2,13
R_yF8yfg66UNr1czv,5/29/2016 16:54,5/29/2016 17:11,1,2,3,1,,1,,,,,1,,,,,4,,1,,,2,2,1,2,2,2,1,1,4,1,2,1,"5,000",2,,5,4,3,3,3,3,4,5,4,3,5,5,5,5,5,7,1,1,1,1,1,1,1,,,,,1,2,5,4,3,1,26,1,1,1,
R_2Ph7zEidnjJjfH1,5/29/2016 17:15,5/29/2016 17:19,1,1,1,1,,,,,,,,1,,,,2,1,,,,2,4,1,1,3,4,4,4,4,5,1,1,"100,000",2,,1,1,1,5,3,5,3,4,5,3,3,3,5,3,4,9,1,,,1,,1,1,,1,,,,4,5,3,1,2,51,4,8,1,8
R_VWQb27gmAOaNaGB,5/29/2016 17:15,5/29/2016 17:22,1,1,1,1,,,,,,,1,,,,,5,,,,1,2,3,1,1,2,2,4,2,5,1,2,2,,2,,1,1,3,5,2,2,5,5,4,3,2,3,5,4,5,9,,,,,,,,1,,1,,,2,4,1,3,5,52,2,12,3,13
R_6xl132i5KUirRdf,5/29/2016 17:50,5/29/2016 17:53,1,1,1,1,,,,,,,1,,,,,,1,,,,2,8,2,3,2,1,2,4,5,1,2,2,,1,,1,1,1,3,2,4,3,4,4,3,5,5,5,2,3,8,,,,,,,,,,1,,,2,3,4,1,5,9,2,10,3,13
R_265fqTJmsV0yNW6,5/29/2016 17:56,5/29/2016 17:58,1,2,1,1,,,,,,,,,,1,,2,,1,,,2,,2,2,3,5,3,3,5,1,2,2,,2,,2,3,1,3,3,4,4,5,3,3,4,4,5,1,1,8,,,,,,,,1,,,,,2,4,1,3,5,51,2,2,2,7
R_6sv8806h5Cke6Tn,5/29/2016 18:06,5/29/2016 18:09,1,2,1,,,,1,,,,,,1,,,2,,1,,,2,7,2,2,2,1,1,4,5,1,2,2,,2,,1,1,1,1,3,2,1,1,3,3,3,4,4,2,4,8,,,,,,,,1,1,1,,,5,4,3,1,2,21,2,3,5,5
R_30w4KCQ8WIOFnry,5/29/2016 18:03,5/29/2016 18:09,1,2,1,,1,,,,,,1,1,,,,6,,,,1,2,4,1,1,2,3,3,1,5,1,1,1,"$40,000 ",2,,3,4,3,4,3,3,3,5,2,3,2,2,2,1,1,7,,,,,,,,1,1,,,,3,4,2,5,1,21,2,8,3,8
R_Twqjwvv6takU0Ap,5/29/2016 18:18,5/29/2016 18:24,1,2,1,1,,,,,,,1,,,,,1,,1,,,1,7,2,2,2,1,1,4,5,1,2,2,,2,,1,1,1,3,2,5,3,4,2,3,2,2,4,1,4,9,,,,,,1,,,,,,1,3,5,4,1,2,32,2,4,5,4
R_2sd5UEFRuLrNLgl,5/29/2016 18:28,5/29/2016 18:33,1,2,1,,,,,1,,,,,,1,,1,,,,1,2,3,1,4,4,6,4,5,5,5,1,1,"6,000",2,,1,2,2,3,3,3,3,4,4,3,4,2,2,1,1,7,,,,,,,,1,1,,,,2,4,3,5,1,5,4,13,7,1
R_rf4tLfhOfi1DIOJ,5/29/2016 18:50,5/29/2016 18:53,1,1,1,1,1,1,,,1,,,1,1,,,5,1,,,,2,1,1,4,2,4,4,1,5,3,1,1,6000,2,,2,5,1,5,4,4,5,5,2,2,4,5,4,1,5,8,,,,,,,,1,1,1,,,3,5,2,4,1,5,2,5,5,5
R_234cqGWK8LFBf1o,5/29/2016 18:38,5/29/2016 18:54,1,2,1,1,,,,,,,,,1,,,,,1,,,2,3,1,1,3,2,2,2,4,5,2,2,,2,,2,3,4,3,4,4,3,4,4,3,3,5,4,1,1,8,,,,,,,,1,1,1,,,3,2,1,5,4,47,2,5,5,5
R_vojNkFZt6gTsbPX,5/29/2016 18:47,5/29/2016 18:56,1,2,1,1,,,,,,,,1,1,,,1,,,1,,2,4,1,3,5,7,5,5,3,2,1,2,,1,34038,2,2,2,2,3,3,4,5,5,5,4,3,3,1,5,7,,,,,,,,1,,,,1,3,4,2,5,1,29,1,14,8,5
R_OjRJiORj3h3si2t,5/29/2016 18:58,5/29/2016 19:04,1,2,3,1,,,,,,,1,1,,,,2,,1,,,2,8,1,1,2,2,2,2,5,1,2,2,,1,not sure,1,1,2,2,3,4,4,4,1,1,3,4,5,4,4,8,1,,,,,,,,1,1,,,4,5,2,3,1,5,4,12,2,8
R_uwUEkd1cj3VCNs5,5/29/2016 19:34,5/29/2016 19:36,1,1,1,1,,,,,,,,,,1,,3,1,,,,1,5,1,4,2,1,1,2,5,1,1,1,"15,000",1,"5,000",1,2,1,2,1,5,4,5,4,4,2,4,5,1,5,8,1,,,,,1,1,,1,1,,,3,5,4,1,2,32,2,3,4,10
R_XuZPBBqfs0RW05r,5/29/2016 19:41,5/29/2016 19:45,1,2,1,1,,,,,,,,,,1,,4,,1,,,1,,2,3,2,3,2,3,5,1,2,2,,2,,2,1,1,2,3,4,5,5,3,3,3,4,5,2,1,8,,,,,,,,1,1,,,,4,5,3,1,2,47,2,12,4,3
R_p9k9nwPLHoqRUlz,5/29/2016 19:59,5/29/2016 20:03,1,2,1,1,,,,,,,,,1,,,3,,,,1,1,3,2,1,1,1,2,1,5,1,2,2,,2,,2,3,4,2,3,2,3,4,2,2,4,5,3,1,5,9,1,,,1,,,1,,,,,1,1,5,2,3,4,26,2,13,2,7
R_2Bb2tSnrQZyJMLd,5/29/2016 20:01,5/29/2016 20:05,1,2,1,,,,1,,,,,1,,,,3,,1,,,1,4,2,4,1,1,1,3,5,1,2,1,"$2,000 ",2,,1,1,1,2,1,2,4,4,3,2,3,3,5,1,1,8,,,,,,,,1,1,,,,3,5,2,1,4,21,2,3,4,8
R_3iKlJGN6Jx8UBnk,5/29/2016 20:34,5/29/2016 20:41,1,1,1,1,,,,,,,1,,1,,,2,,,,1,2,7,2,2,3,5,3,4,5,5,2,2,,2,,1,2,3,2,3,4,3,3,3,3,2,4,5,1,1,9,,,,,,,,1,,1,,,1,5,4,3,2,35,2,6,3,6
R_wRxpbis43AQo0eJ,5/29/2016 20:39,5/29/2016 20:41,1,1,1,,,,1,,,,1,,,1,,3,,,,1,2,4,1,2,3,2,2,5,4,4,2,2,,2,,1,1,1,5,3,5,4,5,5,3,4,5,5,2,4,6,1,,1,1,,,1,,1,,1,,2,5,3,1,4,5,2,4,6,4
R_2ZIaf1Niuo6iZd2,5/27/2016 16:55,5/29/2016 20:59,1,2,1,,1,,,,,,,,,1,,1,,1,,,2,3,1,4,2,2,4,2,5,1,1,2,,2,,2,2,1,2,2,2,5,5,1,2,4,5,4,5,5,6,1,1,1,1,1,1,1,,,1,,,1,4,3,5,2,32,2,3,5,13
R_2R2JzPJ8g9ALN3c,5/29/2016 21:32,5/29/2016 21:44,1,1,1,1,,,,,,,,,,1,,,,,,1,1,7,2,2,1,4,3,1,5,3,2,2,,2,,1,2,1,5,2,5,5,5,2,1,4,4,4,1,5,7,,,,,,,,1,1,1,,,,,,,,32,4,1,3,1
R_AF3yT46YCJj1ynL,5/29/2016 18:59,5/29/2016 22:20,1,2,1,1,,,,,,,,1,,,,2,,1,,,2,3,1,2,1,2,2,1,5,1,1,1,"15,000",1,"15,000",2,1,2,2,3,4,4,4,1,1,2,4,5,2,1,7,,,,,,,,1,1,,,,5,4,2,3,1,32,4,1,3,8
R_ZaWzx1jc96c9STL,5/29/2016 17:59,5/29/2016 22:31,1,1,1,1,,,,,,,,1,,,,5,,,,1,1,3,1,1,2,2,4,1,5,1,2,1,"$18,500 ",2,,2,2,1,4,3,3,3,3,4,2,3,4,4,1,2,8,,,,,,,,1,,,,1,4,3,5,1,2,29,8,12,8,1
R_33BgVVZOot3daXR,5/29/2016 22:36,5/29/2016 22:40,1,2,1,,,,1,,,,,,,1,,1,,,,1,2,4,1,4,2,3,2,2,5,5,1,1,a lot,2,,2,2,2,4,3,3,3,3,2,2,2,3,3,1,4,8,,,,,,,,1,,,,1,5,4,3,1,2,51,1,1,1,1
R_2wnIN0iwpj7qLAd,5/29/2016 22:37,5/29/2016 22:40,1,1,1,,,,1,1,,,1,,,,,3,1,,,,2,2,1,2,3,3,4,4,5,1,1,2,,2,,1,1,1,3,2,5,2,4,4,4,4,4,4,1,4,7,1,,,,,,1,,1,1,,,1,2,3,5,4,51,2,3,4,2
R_3PcuWRX9wWZ9Cck,5/29/2016 22:44,5/29/2016 22:48,1,1,1,,,,1,,,,,,1,,,3,1,,,,2,4,2,2,2,2,3,2,5,1,2,2,,2,,2,2,2,3,3,4,4,4,4,4,4,4,4,3,5,8,,,,,,,,1,1,1,,,4,5,1,2,3,21,6,5,3,3
R_3sAdSy7MgAo54W5,5/29/2016 23:15,5/29/2016 23:27,1,1,1,,,,1,,,,1,,,,,2,1,,,,2,3,1,3,2,3,2,4,5,1,1,1,"18,723",2,,2,1,3,3,2,4,2,4,4,4,4,5,5,3,1,8,,,,,,,,,1,1,,,4,5,2,1,3,32,2,4,4,4
R_1l5htJDFGed4M5e,5/30/2016 1:21,5/30/2016 1:25,1,2,1,1,,,,,,,1,,,,,1,,1,,,2,7,2,3,2,1,2,2,5,1,2,2,,2,,2,2,1,3,3,4,3,4,2,2,3,5,3,4,2,8,,,,,,,1,,1,,1,,3,5,4,2,1,32,2,7,3,7
R_vTf5GSwIO7hNOql,5/30/2016 1:41,5/30/2016 1:44,1,1,2,1,,,,,,,,,1,,,3,,,,1,2,3,1,4,2,4,3,2,5,3,1,1,,2,,3,4,2,5,3,3,4,4,5,3,4,4,4,3,2,8,,,,,,,,1,1,1,,,4,5,3,1,2,5,2,14,5,1
R_2SwzgUx23ctQL5D,5/30/2016 8:31,5/30/2016 8:35,1,1,1,1,,1,,,1,,1,,,,,4,1,,,,2,4,1,2,2,3,4,2,5,1,1,1,"40,000",2,,1,3,1,5,2,5,4,5,3,2,2,3,5,5,4,8,,,,,,,,1,1,,,,1,5,3,2,4,6,2,11,3,11
R_3PFEYmW5SlIWEB6,5/30/2016 9:18,5/30/2016 9:23,1,1,1,1,,,,,,,,,,1,,6,1,,,,1,4,2,2,3,3,2,3,5,1,2,2,,2,,1,2,1,3,1,5,5,5,1,3,3,3,5,5,5,9,1,1,,,,1,,,1,1,,,3,4,2,1,5,21,2,3,4,13
R_2vbHGR6lAxpt29G,5/30/2016 9:24,5/30/2016 9:28,1,1,1,1,,,,,,,,,1,,,3,1,,,,2,7,2,1,2,3,2,3,5,1,2,2,,2,,2,1,3,3,2,5,4,5,4,2,4,3,4,1,5,7,1,,,,1,,1,,1,,,,4,5,2,1,3,43,2,8,4,5
R_1CpvVHtvSXrgk5z,5/30/2016 10:57,5/30/2016 11:01,1,2,1,1,,,,,,,,,,1,,2,,1,,,2,3,1,4,2,3,2,3,5,1,1,1,"20,000",2,,1,1,2,3,2,2,4,4,3,3,3,5,4,1,3,9,1,,,1,,,1,,1,,,,3,5,2,1,4,32,2,9,4,1
R_2cpVyVWZEfUOZBM,5/30/2016 11:06,5/30/2016 11:10,1,2,1,1,,,,,,,1,,,,,2,,1,,,2,7,2,3,1,1,2,4,5,1,2,2,,2,,1,2,2,2,3,3,3,4,3,2,3,5,5,1,5,8,1,1,,,1,,1,,,,,1,4,3,5,1,2,32,2,13,3,12
R_2dxMIwLlDRbiWxS,5/30/2016 13:11,5/30/2016 13:14,1,2,1,1,,,,,,,1,,,,,2,,1,,,1,4,2,2,1,2,1,1,5,1,2,2,,2,,2,1,3,2,2,3,3,3,3,3,4,5,4,1,4,8,1,1,1,1,1,1,1,,,1,,,5,3,4,2,1,29,2,2,2,8
R_87dCz9be9jswiPf,5/30/2016 14:49,5/30/2016 14:56,1,1,2,1,,,,,,,,,,1,,2,,,,1,2,6,2,2,3,4,1,4,5,1,2,2,,2,,1,1,2,1,1,1,5,5,2,3,2,4,3,2,3,7,,,,,,,,1,1,1,,,5,4,3,2,1,32,8,13,7,10
R_3IVMekHLPlp5B0D,5/30/2016 15:01,5/30/2016 15:05,1,1,2,,1,,1,,1,,1,1,,,,5,,,,1,2,3,1,4,2,3,2,1,5,1,1,1,"10,000",2,,1,1,2,2,2,,4,3,1,1,2,5,5,2,2,7,,,,,,,,1,1,1,1,,2,3,4,5,1,23,2,3,4,8
R_25yF7eh3Nkp1DGi,5/30/2016 16:35,5/30/2016 16:39,1,2,1,1,,,,,,,,,,1,,2,,1,,,1,8,2,4,2,2,1,5,5,1,2,2,,2,,1,2,1,4,2,5,4,5,5,3,2,3,5,2,3,9,,,,,,,,1,,1,,,4,1,5,2,3,32,2,6,3,6
R_3hgOGNf3mc3maLw,5/30/2016 16:44,5/30/2016 16:48,1,1,1,1,,,,1,,,,,,1,,3,1,,,,2,3,1,2,1,3,2,1,5,1,2,2,,1,,2,2,2,5,2,5,3,3,2,3,4,4,5,5,4,7,,,,,,,1,,1,,1,,3,5,2,1,4,5,8,13,7,5
R_4ZS4yADC1axV0oV,5/29/2016 18:54,5/30/2016 17:40,1,2,1,,,,,,,1,,,1,,,2,,,,1,2,2,1,2,2,3,2,1,5,4,2,2,,2,,1,1,1,3,2,3,2,3,4,1,2,5,2,1,5,8,1,,,,,,1,,,,,1,3,4,5,1,2,29,4,13,7,5
R_3smppBhahwXG63M,5/30/2016 18:34,5/30/2016 18:51,1,2,1,,,,1,,,,,1,,,,3,,1,,,2,8,1,2,1,1,2,1,5,1,2,1,"5,500",2,,2,1,2,2,2,2,4,4,1,2,3,4,4,1,3,8,,,,,,,,1,1,,,,4,5,2,1,3,5,7,8,2,8
R_wLD9wyZzWbx94MV,5/30/2016 17:34,5/30/2016 19:22,1,1,1,,,,,1,,,1,,,,,4,1,,,,2,3,1,3,2,3,2,1,5,1,2,2,,2,,1,2,1,5,2,5,4,5,2,2,2,4,5,5,3,8,,,1,,,,,,,1,,,3,4,5,2,1,30,8,10,7,7
R_ABEqTbon0HiqP0l,5/30/2016 19:16,5/30/2016 19:25,1,1,1,1,,,,1,,,,,,1,,2,1,,,,2,3,1,3,2,3,4,1,5,1,1,1,"$90,000 ",2,,1,2,3,1,3,3,2,2,4,4,1,4,4,4,4,8,,,,,,,,1,1,1,1,,4,3,2,5,1,51,1,8,8,8
R_WAMcU1DUJxDj35n,5/30/2016 21:06,5/30/2016 21:10,1,1,2,1,,,,,,,,,1,,,1,1,,,,1,8,2,3,2,2,4,4,5,1,2,2,,2,,1,1,1,4,1,5,3,5,5,2,5,2,4,1,3,8,,,,,,,,1,1,,,,3,5,4,2,1,49,2,5,6,13
R_2SeQclE4Te8aETk,5/30/2016 21:14,5/30/2016 21:21,1,1,1,,,,,1,,,,,1,,,5,,,1,,2,3,1,3,2,3,4,1,5,3,1,,,,,2,4,4,4,3,4,3,4,4,2,3,3,4,4,2,6,,,,,,,,1,1,,,,3,4,1,2,5,13,4,14,8,5
R_1eLhqvTQYsuYEdy,5/30/2016 23:24,5/30/2016 23:29,1,2,1,,,,,,,1,,1,,,,,,,,1,2,8,1,4,1,1,3,1,5,3,1,1,"13,000",2,,1,1,1,1,2,1,3,4,3,3,3,4,4,1,4,8,,,,,,,,1,,,,1,3,4,2,1,5,32,4,1,7,8
R_2B2JwxwuxQBJmS1,5/31/2016 0:23,5/31/2016 0:30,1,2,3,,1,,,1,,,,,1,,,5,,,,1,2,8,1,2,3,4,3,2,5,1,1,1,4400,2,,3,3,3,3,3,3,4,3,2,3,3,3,4,3,2,7,,,,,,,,1,1,,,,3,4,2,1,5,5,8,13,7,11
R_DjJ13l5DKdLXJWp,5/31/2016 9:50,5/31/2016 9:53,1,1,2,1,,,,,,,,,,1,,3,1,,,,1,3,2,2,1,3,4,2,5,1,2,2,,2,,2,3,1,4,2,4,5,5,1,1,2,4,5,5,3,10,,,1,,,,1,,,,1,,3,1,5,2,4,51,4,14,8,6
R_3pr9cdZG6I520I4,5/31/2016 11:04,5/31/2016 11:07,1,2,1,1,,,,,,,1,,,,,3,,1,,,2,8,2,2,4,3,2,3,5,1,2,2,,2,,2,2,4,3,3,5,3,5,3,4,3,5,5,1,5,9,,,1,,,,1,,,,,1,4,3,2,1,5,21,2,3,5,13
R_1LeBMul1RnWDhcC,5/31/2016 13:24,5/31/2016 13:27,1,1,1,,,,1,,,,1,,1,,,,,,,1,2,7,2,2,4,7,5,5,4,,2,2,,2,,1,2,2,2,3,3,3,3,5,3,3,3,1,1,1,7,,,,,,,,1,,,,1,4,5,2,3,1,5,2,4,,13
R_1ptcgytrZuXENF8,5/27/2016 16:55,5/31/2016 14:16,1,1,1,1,,,,,,,,,1,,,2,,,,1,2,7,2,2,2,2,2,2,5,1,2,2,,2,,2,4,2,3,3,1,2,2,4,2,4,5,1,1,5,9,,,,,,,,,,1,,,4,3,5,2,1,,6,6,2,6
R_3PMDYS8q6tAKJiQ,5/31/2016 14:16,5/31/2016 14:20,1,1,3,,,,1,,,,,,1,,,2,1,,,,2,4,1,4,1,3,2,1,5,1,1,1,"20,000",2,,2,1,1,2,2,2,4,5,2,3,2,4,5,1,5,8,,,,,,,,1,1,,,,4,2,1,3,5,47,2,5,6,13
R_1LHyc3XljV8l9jl,5/31/2016 14:19,5/31/2016 14:22,1,1,1,1,,,,,,,,,1,,,4,1,,,,2,6,2,1,2,1,4,1,5,1,2,2,,2,,1,1,2,2,3,3,4,3,4,2,2,5,5,2,5,8,,,,,,,1,,1,,,,1,5,4,3,2,5,2,5,6,5
R_3MlpUL2T3q2oYef,5/31/2016 14:24,5/31/2016 14:27,1,2,1,1,,,,,,,1,,,1,,1,,1,,,2,5,2,3,2,3,2,2,5,1,2,2,,2,,1,1,1,1,2,2,4,5,4,2,2,4,5,1,1,8,,,,,,,,1,1,1,,,2,5,3,4,1,32,2,6,2,1
R_2agDcco8KpmrdW6,5/31/2016 14:32,5/31/2016 14:35,1,1,1,1,,,,,,,,,,1,,2,1,,,,2,5,2,3,2,1,2,2,5,1,2,2,,2,,2,2,2,2,4,5,5,5,3,4,5,4,5,5,3,8,1,,,1,,,1,,1,1,,,4,5,2,1,3,5,2,11,5,11
R_2XiXvZUxlUg8JLZ,5/31/2016 14:32,5/31/2016 14:35,1,1,1,1,,,,,,,1,,,,,3,1,,,,2,4,1,1,5,7,5,5,2,2,1,1,"160,000",2,,2,1,1,5,5,5,5,5,5,5,4,1,5,1,4,10,1,,,,,,,,,,,1,2,4,1,3,5,32,2,4,6,4
R_31vmoZtgbJZUMq3,5/31/2016 14:33,5/31/2016 14:36,1,2,1,,,,1,,,,,,,1,,2,,1,,,2,4,1,4,2,1,1,4,5,1,1,1,8000,2,,1,1,2,5,2,4,5,5,2,2,4,4,4,1,3,8,,,,,,,,,1,,,,1,4,5,3,2,21,2,3,5,11
R_afVCAla4pq9AiHL,5/31/2016 14:45,5/31/2016 14:58,1,1,1,,,,1,,,,1,1,,,,2,,,,1,2,4,1,4,4,5,4,4,5,4,1,1,30000,2,,2,2,1,4,2,3,3,3,4,4,5,2,1,1,1,9,,,,,,,,1,1,,,,3,4,5,2,1,52,1,14,1,12
R_2EH2Mb7bYH6PQCx,5/31/2016 15:01,5/31/2016 15:04,1,2,1,,,,,,,1,1,1,,,,3,,,,1,2,2,1,4,1,4,2,1,5,3,1,1,46000,2,,2,1,1,2,1,1,5,5,1,1,2,5,5,2,1,6,,,,,,,,1,,,,1,5,3,1,4,2,7,1,14,1,14
R_3mA1ZaR9Uq22pQ5,5/31/2016 15:02,5/31/2016 15:07,1,2,1,,,,1,,,,1,1,,,,2,,,,1,2,8,1,4,2,3,2,2,5,4,2,2,,2,,1,2,1,1,3,2,2,4,2,3,3,3,3,1,4,8,,,,,,,,1,1,,,,1,4,3,5,2,51,4,1,7,8
R_3RlVJkxWC7j30zt,5/31/2016 15:07,5/31/2016 15:11,1,2,1,,,,1,,,,,1,,1,,3,,,,1,2,2,1,4,1,1,2,1,5,1,2,1,<2000,2,,1,2,2,3,4,3,3,2,3,3,3,2,4,1,4,9,,,,,,,1,,,,,1,3,4,2,1,5,38,8,13,8,8
R_5BDEsh5TS1ReNwd,5/31/2016 15:08,5/31/2016 15:11,1,2,1,1,,,,,,,,,,1,,5,,1,,,2,4,2,2,2,3,2,2,5,1,2,2,,2,,1,1,1,2,2,4,3,4,3,3,2,5,5,4,3,8,,,,,,,1,,1,,1,,3,4,2,1,5,13,7,6,7,7
R_pRz55iBjpsWhOG5,5/31/2016 15:14,5/31/2016 15:18,1,1,1,1,,,,,,,1,,1,,,2,,,,1,2,8,2,2,4,4,3,3,5,5,2,2,,2,,1,1,2,2,2,3,4,5,4,3,2,2,3,1,1,9,,,,,,,,1,1,,,,5,4,3,1,2,52,2,3,6,13
R_3dDJINmmGOYgK1Y,5/31/2016 15:15,5/31/2016 15:19,1,2,1,1,,,,,,,1,,,,,5,,1,,,2,3,1,1,2,2,2,1,5,1,1,1,,2,,2,2,2,4,2,5,4,5,3,2,2,4,5,2,3,7,,,,,,,,1,1,1,,,3,5,4,1,2,,8,13,4,6
R_1GP8HgHfMYTFA6z,5/31/2016 15:15,5/31/2016 15:19,1,1,1,,,,1,,,,1,,,,,1,,,,1,2,2,1,4,2,3,2,2,5,1,2,2,,2,,1,2,1,3,4,4,4,4,4,3,2,4,1,1,1,6,,,,,,,,1,,,,1,2,5,3,1,4,51,2,12,4,13
R_3hovSEZGJZkAgat,5/31/2016 15:18,5/31/2016 15:21,1,2,1,,,,1,,,,1,,,,,1,,,,1,2,7,2,4,4,4,3,5,3,5,2,2,,2,,1,1,2,3,3,3,4,5,5,3,3,3,4,2,3,8,,,,,,,,1,1,,,,5,1,2,3,4,5,2,3,6,13
R_3qspVmyC01tJMCZ,5/31/2016 15:21,5/31/2016 15:24,1,2,1,,,,,,1,,,,1,1,,,,1,,,2,5,1,4,4,4,5,2,5,3,1,1,"13,000",2,,1,1,1,1,2,2,2,5,2,2,2,2,2,1,1,7,,,,,,,,1,1,,,,2,3,1,4,5,29,1,1,2,1
R_30epdWLDo63hGVT,5/31/2016 15:22,5/31/2016 15:26,1,1,1,1,,,,,,,,1,,,,4,,,,1,2,5,1,1,4,6,5,4,5,3,1,1,"$30,000 ",2,,1,1,2,4,2,4,2,2,4,2,2,2,1,1,1,8,,,,,,,,1,,,,1,4,5,3,1,2,33,4,8,3,8
R_1HnwyvtHhDPJGQS,5/31/2016 15:25,5/31/2016 15:28,1,1,1,1,,,,,,,1,,,,,2,1,,,,2,6,2,2,3,2,1,5,5,1,2,2,,2,,1,1,1,3,3,5,5,5,3,3,2,4,5,2,5,8,1,,,,,,1,,,1,,,1,2,5,3,4,32,2,4,6,1
R_9vLBWqg7R5LG4z7,5/31/2016 15:22,5/31/2016 15:29,1,1,1,1,,,,,,,1,,,,,3,1,,,,1,4,2,2,3,4,2,2,5,1,1,1,"10,000",2,,1,1,1,4,3,4,5,5,3,2,3,3,4,1,5,9,,,,,,,,1,1,1,,,3,5,4,1,2,2,2,10,4,13
R_31FXquEWxOTXs5y,5/31/2016 15:27,5/31/2016 15:30,1,2,1,1,,,,1,,,,,1,,,4,,1,,,2,5,2,3,2,3,2,3,5,1,2,2,,2,,2,2,3,2,4,4,3,5,2,3,3,4,5,1,2,8,,,,,,,,1,,1,,,3,5,4,1,2,32,2,5,5,13
R_3LcAmdvOSogX4Ug,5/31/2016 15:29,5/31/2016 15:32,1,1,1,1,,,,,,,1,,,,,4,,,1,,2,7,2,3,1,1,2,2,5,1,2,2,,2,,1,1,1,4,2,2,3,3,1,1,3,4,5,4,5,7,,,,,,,,1,1,,,,4,5,2,1,3,52,2,10,7,10
R_31F17PLiW5RsFZO,5/31/2016 15:31,5/31/2016 15:33,1,1,1,1,,,,,,,1,,,,,3,1,,,,2,6,2,3,3,3,2,4,5,1,2,2,,2,,1,1,1,4,1,5,5,5,2,4,5,4,5,3,3,10,,,,,,,,,1,,1,,3,5,2,1,4,32,2,4,5,11
R_23W5WoTLPNJwup3,5/31/2016 15:30,5/31/2016 15:34,1,2,1,1,,,,,,,1,1,,,,4,,1,,,2,7,1,1,3,6,4,4,4,5,2,2,,1,0,1,1,2,3,2,4,3,3,4,1,3,5,5,2,3,9,,,,,,1,1,,1,1,,,5,3,4,1,2,32,2,4,6,13
R_7UL5M9NUAXkurRv,5/31/2016 15:31,5/31/2016 15:34,1,2,1,1,,,,,,,1,,,,,3,,1,,,2,3,2,2,2,3,3,5,5,1,2,2,,2,,1,1,1,5,5,5,5,5,5,4,5,3,5,2,5,8,1,1,1,,1,,1,,1,1,1,,3,4,2,1,5,32,2,3,4,3
R_1CBHkh1bdc6vdDH,5/31/2016 15:33,5/31/2016 15:42,1,2,1,,,,1,,,,,,,1,,2,,,,1,2,4,1,4,3,2,4,1,5,4,2,2,,2,,2,4,1,3,3,3,3,3,1,3,3,5,3,2,3,8,,,1,1,,,1,,1,,,1,2,5,4,3,1,32,2,7,3,7
R_3HTGBxXRWWD3ZWT,5/31/2016 15:44,5/31/2016 15:50,1,2,1,,1,,,,,,1,,,,,2,,1,,,2,5,1,2,2,2,3,2,5,1,1,1,a lot,1,A LOT,2,2,2,3,5,4,4,5,2,2,4,5,5,3,1,7,,,,,,,,1,1,,,,3,5,4,1,2,32,1,8,7,7
R_1gCtdrHCCcXuNKr,5/31/2016 15:59,5/31/2016 16:02,1,1,1,1,,,,,,,1,,,,,3,1,,,,2,5,2,2,4,7,4,4,3,5,2,2,,2,,2,1,1,5,3,5,5,5,5,4,3,2,5,3,5,8,,,,,,1,1,,1,1,,,3,4,2,1,5,32,2,4,5,8
R_5i1OZSTqvGgQsxD,5/31/2016 16:04,5/31/2016 16:14,1,2,1,,,,1,,,,,,1,,,1,,1,,,2,4,1,4,2,1,1,2,5,1,1,1,"$27,000 ",2,,2,2,2,3,2,2,4,4,2,2,2,3,3,1,4,7,,,,,,,,1,,,,1,4,3,1,2,5,21,2,3,4,8
R_3ER6JT9iwzc69ka,5/31/2016 16:18,5/31/2016 16:22,1,1,1,,,,,1,,,1,,,,,3,1,,,,2,2,1,1,4,6,5,5,5,4,2,2,,2,,2,2,2,4,5,5,5,5,5,4,4,2,1,1,1,9,,,,,,,,1,,,,1,1,4,3,2,5,49,2,12,7,12
R_3PQNSlRR0rEYTUj,5/31/2016 16:26,5/31/2016 16:29,1,1,1,1,,,,,,,,,1,,,3,1,,,,1,8,2,3,3,4,3,4,5,1,2,2,,2,,1,1,1,2,3,5,5,5,3,4,5,4,5,5,5,9,1,,,,,,,,1,1,,,3,5,2,1,4,21,2,5,4,5
R_2tnAzH6QQwWgDJ8,5/31/2016 16:42,5/31/2016 16:45,1,1,1,,,,1,,,,,,1,,,1,1,,,,2,7,2,1,1,1,3,1,5,1,2,2,,2,,1,1,1,5,3,5,4,5,2,3,5,5,4,1,3,8,,,,,,,1,,,,,1,4,5,3,1,2,5,2,5,6,5
R_3iUslvvdPkgeHST,5/31/2016 16:57,5/31/2016 17:07,1,2,1,,,1,,,,,1,,,,,8,,1,1,,2,3,1,3,3,5,5,2,5,5,2,2,,2,,2,3,1,4,1,3,5,5,3,2,3,5,4,3,2,6,,,,,,,,1,1,,,,2,5,4,1,3,36,4,13,7,8
R_QicTpuSr25TrIzL,5/31/2016 17:07,5/31/2016 17:11,1,1,1,1,,,,,,,,,1,,,4,,,1,,2,8,2,4,2,1,3,2,5,1,2,2,,2,,1,1,3,2,2,2,2,4,1,2,3,5,3,1,2,7,,,,,,,,1,,,,1,1,2,5,4,3,29,8,13,7,1
R_2CNeoW1XPiRz9hw,5/31/2016 16:16,5/31/2016 17:20,1,1,1,1,,,,,,,1,,1,1,,2,1,,,,2,4,1,2,2,2,2,1,5,1,1,1,"30,000",2,,1,1,1,2,2,3,3,3,1,1,2,5,5,4,4,8,,,,,,,,1,1,,,,2,5,1,3,4,52,2,3,5,13
R_25T4gYgXNCBNNHv,5/31/2016 17:24,5/31/2016 17:28,1,2,1,1,,,,,,,,1,,,,1,,,,1,2,3,1,2,1,3,3,2,5,1,2,2,,2,,1,2,2,3,3,3,4,4,3,2,3,3,2,1,1,8,,,,,,,,1,,,,1,3,4,5,1,2,5,1,14,8,1
R_3sA3nBOjLZlTZ7v,5/31/2016 16:04,5/31/2016 17:37,1,1,1,1,,,,,,,1,,,,,2,1,,,,2,8,2,3,3,2,4,5,5,1,1,2,,1,,2,1,2,4,3,5,4,4,4,3,2,3,5,3,1,7,,,,,,,,1,1,1,,,4,5,2,1,3,32,2,4,5,10
R_ByNdLDZIrR5mVb3,5/31/2016 17:54,5/31/2016 18:00,1,2,1,,,,1,,,,1,,,1,,2,,1,,,2,5,1,2,2,2,1,1,5,1,1,1,7441,2,,2,2,1,3,3,4,4,4,3,4,5,5,4,1,2,7,,,,,,,,1,1,,,,2,5,1,4,3,13,2,12,4,9
R_u3PeoCJHEO4Pfln,5/31/2016 17:59,5/31/2016 18:02,1,2,1,,,,,1,,,,1,,1,,2,,,1,,2,1,1,4,2,1,4,1,5,3,1,1,"7,000",2,,2,2,2,4,3,4,5,4,1,1,3,5,3,1,4,7,,,,,,,,1,1,,,,4,3,2,1,5,29,4,8,2,8
R_1OCuis5z06tYig4,5/31/2016 18:07,5/31/2016 18:10,1,2,1,,,,1,,,,,1,,,,2,,,,1,2,5,2,4,2,3,2,2,5,1,2,2,,2,,1,1,1,2,2,2,2,2,2,1,2,4,1,1,1,7,,,,,,,,1,1,,,,3,4,5,1,2,21,1,8,8,8
R_qDGdVrRyzdnxFSh,5/31/2016 18:41,5/31/2016 18:44,1,2,1,1,,,,,,,,,,1,,1,,1,,,2,5,2,2,2,1,2,1,5,1,2,2,,2,,1,2,2,3,5,4,3,4,2,2,4,5,5,1,4,8,1,,,1,1,,,,,1,,,1,2,3,5,4,5,2,10,4,10
R_1M5nnOEGqeT9ByI,5/31/2016 20:00,5/31/2016 20:04,1,1,2,1,,,,,,,1,,,,,4,1,,,,1,8,2,1,2,1,1,2,5,1,2,2,,2,,2,4,2,4,2,4,3,5,3,3,1,4,5,1,1,8,,,,,,,,1,1,,,,1,4,3,5,2,5,8,13,7,9
R_2xYkaIAHfAkyC4h,5/31/2016 20:01,5/31/2016 20:10,1,2,1,1,,,,,,,1,,,,,1,,1,,,2,7,2,4,4,7,5,5,4,2,2,2,,2,,2,5,2,5,3,5,5,5,5,5,4,1,5,4,3,8,,,1,1,1,1,1,,1,,1,,3,5,2,1,4,,8,,8,12
R_3m2EZAIWBQpyVs0,5/31/2016 20:26,5/31/2016 20:29,1,2,1,,1,,,,,,1,,,,,5,,1,,,2,3,1,1,2,2,2,1,5,4,2,2,,2,,2,2,1,5,3,5,2,4,4,3,3,3,5,4,4,8,,,,,,,,1,,1,1,,3,4,2,1,5,52,2,3,3,13
R_UW4iAa2HkfetEWd,5/31/2016 20:56,5/31/2016 21:01,1,1,1,1,,,,,,,1,,,,,2,1,,,,1,6,2,1,3,3,2,4,5,1,2,2,,1,,2,3,1,5,3,5,5,5,5,2,3,3,5,1,2,9,,,,,,,,1,,,,1,4,5,3,1,2,21,2,3,5,3
R_1C8WwgTRZaVe46r,5/31/2016 21:13,5/31/2016 21:20,1,2,1,1,,,,,,,1,,,,,2,,1,,,2,4,2,3,3,4,4,4,5,5,2,2,,2,,1,1,1,2,3,4,3,4,3,3,4,4,4,1,4,8,,,,,,,,1,1,1,,,3,5,4,1,2,52,2,3,6,2
R_3PvmIbWmwtvrvhc,5/31/2016 21:48,5/31/2016 21:55,1,1,1,1,,,,,,,,,1,,,2,1,,,,2,4,2,1,2,3,3,3,5,4,2,2,,1,Don't know,1,2,2,3,2,4,2,4,3,3,2,2,4,2,5,9,,,1,,,,1,,,1,,,5,2,4,3,1,29,1,5,8,5
R_a4YvpjGTtxfaYWl,5/31/2016 22:02,5/31/2016 22:08,1,2,1,1,,1,,,,,1,,,,,2,,1,,,2,4,1,4,4,5,2,5,5,1,1,1,28000,2,,2,2,2,4,4,5,4,4,3,3,4,3,5,,5,9,1,1,,,1,,1,,1,1,,,3,5,1,2,4,32,2,4,5,4
R_AFeSxSlrN4GRwDD,5/31/2016 22:12,5/31/2016 22:17,1,2,1,,,,1,,,,,1,,,,3,,1,,,2,6,2,4,3,3,2,2,4,5,2,2,,2,,2,2,1,,,,,,,,,,3,1,3,7,,,,,,,,1,1,,,,3,4,1,2,5,18,1,8,1,8
R_3r2QwNINTINgsCO,5/31/2016 23:25,5/31/2016 23:33,1,1,1,,,,,1,1,,1,,,1,,5,1,,,,2,4,2,3,3,5,5,3,5,5,2,2,,2,,2,2,1,4,3,4,2,4,5,3,4,3,4,2,5,7,,,,,,,,1,1,,,,5,3,4,1,2,32,2,4,7,6
R_3PdA07IyThBX3Pj,6/1/2016 0:22,6/1/2016 0:27,1,1,1,1,,,,,,,,,,1,,3,1,,,,2,7,2,2,4,5,4,5,2,2,2,2,,2,,1,4,1,5,2,5,5,4,5,4,2,2,3,5,5,7,1,,1,,,1,1,,1,,,,2,4,1,3,5,32,2,4,5,4
R_0O0FHSaYz1KjWal,6/1/2016 10:24,6/1/2016 10:28,1,2,1,1,,,,,,,,,,1,,3,,,,1,1,7,2,1,4,6,5,5,5,5,2,2,,2,,1,1,1,4,3,4,4,4,4,3,3,4,5,1,3,8,,,,,,,,1,,,,1,3,5,1,4,2,43,1,,1,6
R_1eDFfkzWXpA3zlD,6/1/2016 10:32,6/1/2016 10:34,1,2,1,1,,,,,,,,,,1,,2,,1,,,2,8,2,4,3,5,2,3,5,5,1,2,,1,,1,1,1,5,3,4,4,5,5,5,1,4,5,5,4,9,,,,,,,,1,1,1,,,5,3,4,1,2,35,1,8,7,8
R_1Hc4DRfHvLRl8v0,6/1/2016 12:42,6/1/2016 12:45,1,1,1,,,,1,,,,1,,1,,,1,1,,,,2,4,1,2,2,3,2,2,5,1,1,2,,1,,2,1,1,3,3,3,4,4,3,2,3,4,3,2,4,8,1,,,,,,1,,1,,,,2,4,3,1,5,32,2,4,5,11
R_ufBQiOga9rgB7ep,6/1/2016 13:17,6/1/2016 13:21,1,1,1,,,,1,,,,,,1,,,5,,,,1,2,3,1,4,1,1,2,2,5,1,2,2,,2,,4,5,1,2,1,1,2,3,2,3,2,4,4,2,1,8,,,,,,,,1,,,,1,4,3,2,1,5,21,2,5,5,1
R_3MDlYHT4GXs00pn,6/1/2016 19:44,6/1/2016 19:50,1,1,1,1,,,,,,,,,1,,,5,1,,,,2,6,2,3,1,3,2,1,5,1,2,2,,2,,1,2,1,3,4,5,3,5,4,3,2,3,5,2,3,7,,,,,,,,1,1,1,,,2,5,4,1,3,49,2,5,4,5
R_2aKVCkz7lUoZIMe,5/29/2016 18:42,5/29/2016 18:45,0,2,1,1,1,,,,,,1,,,,,5,,,,1,2,3,1,1,2,3,2,4,5,1,1,1,"30,000",2,,1,3,4,2,,3,3,3,3,3,4,4,3,1,5,8,,,,,,,,1,1,,,,3,4,1,2,5,,,,,
R_esonL5wBoAK3kdj,5/29/2016 16:41,5/29/2016 16:44,0,2,1,,,,1,,,,1,,,,,2,,,,1,2,2,1,4,2,1,3,2,5,1,1,1,,,,2,1,1,2,2,2,4,5,3,2,4,5,1,1,1,,,,,,,,,,,,,,,,,,,,,,,
R_2EmBbadQCF7jk2m,5/29/2016 16:11,5/29/2016 16:14,0,1,1,,,,,1,,,1,,,,,2,1,,,,2,4,1,3,2,1,2,2,5,1,,,,,,,,,,,,,,,,,,,,,,,,,,,,,,,,,,,,,,,,,,,
R_vOhwijuTMTEtgsh,5/30/2016 19:38,5/30/2016 19:40,0,1,1,1,,,,,,,,,1,,,2,,,,1,1,5,2,1,3,4,2,2,5,1,,,,,,,,,,,,,,,,,,,,,,,,,,,,,,,,,,,,,,,,,,,
R_s5KuISOedAUVJpn,5/29/2016 21:17,5/29/2016 21:18,0,2,1,,1,,,,,,,,,1,,4,,,,1,2,5,1,1,2,3,5,2,5,1,,,,,,,,,,,,,,,,,,,,,,,,,,,,,,,,,,,,,,,,,,,
R_1r8LrjeXVPtEOqd,5/27/2016 16:33,5/27/2016 16:34,0,1,1,1,,,,,,,1,,,,,2,1,,,,1,8,2,4,4,4,5,5,5,3,,,,,,,,,,,,,,,,,,,,,,,,,,,,,,,,,,,,,,,,,,,
R_33r0JobzRtTG2EO,5/29/2016 15:58,5/29/2016 15:59,0,2,1,,,,1,,,,,,1,,,2,,,,1,2,5,2,4,4,4,3,3,3,4,,,,,,,,,,,,,,,,,,,,,,,,,,,,,,,,,,,,,,,,,,,
R_6Qer6Feeu9NN81b,5/28/2016 13:48,5/28/2016 13:49,0,2,1,1,,,,,,,,1,,,,,,1,,,2,7,2,2,2,3,2,3,5,1,,,,,,,,,,,,,,,,,,,,,,,,,,,,,,,,,,,,,,,,,,,
R_2PjlHXINJePywqS,5/29/2016 23:08,5/29/2016 23:12,0,2,1,,1,,,,1,,1,,,1,,2,,,,1,2,2,1,4,1,1,4,2,5,5,1,1,"$3,800 ",2,,2,1,1,4,4,3,5,5,1,1,5,5,4,1,3,8,,,,,,,,1,,,,,,,,,,,,,,
R_2YLdlwAFo9SUhTg,5/27/2016 18:43,5/27/2016 18:44,0,1,1,,,,1,,,,1,,,,,2,1,,,,2,4,1,1,4,5,4,5,3,5,,,,,,,,,,,,,,,,,,,,,,,,,,,,,,,,,,,,,,,,,,,
R_1i4pUSptd5cuAgJ,5/27/2016 15:09,5/31/2016 14:17,0,,,,,,,,,,,,,,,,,,,,,,,,,,,,,,,,,,,,,,,,,,,,,,,,,,,,,,,,,,,,,,,,,,,,,,,,
R_216zlTmo41pCWp0,5/31/2016 15:10,5/31/2016 15:12,0,1,2,1,,,,,,,,,,1,,1,,,,1,2,3,1,2,1,1,4,1,5,1,1,1,"$17,000.00 ",2,,1,1,1,3,3,1,3,3,3,3,2,5,3,1,5,8,,,,,,,1,,,,,1,3,4,5,1,2,,,,,
R_3ye6ZpsDq1Jo0Tf,5/27/2016 16:31,5/27/2016 16:33,0,1,1,,,,1,,,,,,1,,,,,,,1,2,2,1,4,2,2,2,2,5,4,,,,,,,,,,,,,,,,,,,,,,,,,,,,,,,,,,,,,,,,,,,
R_OPSLAAYo1snmk25,5/29/2016 10:19,5/29/2016 10:20,0,2,1,1,,,,,,,1,,,,,2,,1,,,1,8,2,1,3,6,3,3,3,5,,,,,,,,,,,,,,,,,,,,,,,,,,,,,,,,,,,,,,,,,,,
R_3I9mj3yPtaWG3oz,5/27/2016 16:25,5/27/2016 16:26,0,2,1,1,,,,,,,,,1,,,2,,1,,,1,7,2,3,2,2,2,2,5,1,,,,,,,,,,,,,,,,,,,,,,,,,,,,,,,,,,,,,,,,,,,
R_1JXgFoYGtVa76wB,5/29/2016 15:31,5/29/2016 17:02,0,2,1,1,,,,,,,1,,,1,,2,,1,,,2,4,1,4,2,2,1,2,5,1,2,2,,2,,1,2,1,2,2,4,3,4,1,1,1,5,5,4,4,8,,,,,,,,1,1,,1,,4,5,3,1,2,,,,,
R_2AYzNfiILRdX28q,5/27/2016 15:34,5/27/2016 15:36,0,2,2,1,,,,,,,1,,,,,2,,,1,,1,7,2,4,1,3,2,2,5,1,,,,,,,,,,,,,,,,,,,,,,,,,,,,,,,,,,,,,,,,,,,
R_xyAJLIOsgobWVr3,5/27/2016 16:44,5/27/2016 16:46,0,,,,,,,,,,,,,,,,,,,,,,,,,,,,,,,,,,,,,,,,,,,,,,,,,,,,,,,,,,,,,,,,,,,,,,,,
R_2aelwIAhmhr6JGV,5/31/2016 14:21,5/31/2016 14:24,0,2,4,,,,1,,,,,1,,,,4,,1,,,2,1,1,4,1,1,4,1,5,5,,,,,,,,,,,,,,,,,,,,,,,,,,,,,,,,,,,,,,,,,,,
R_WuqPUeVEWNEHRAZ,5/28/2016 15:18,5/28/2016 15:19,0,,,,,,,,,,,,,,,,,,,,,,,,,,,,,,,,,,,,,,,,,,,,,,,,,,,,,,,,,,,,,,,,,,,,,,,,
R_1kH3dscUZwrzaQq,5/30/2016 12:23,5/30/2016 12:26,0,1,1,1,,,,,,,1,,,,,2,1,,,,2,4,2,3,2,2,1,4,5,1,2,2,,2,,1,1,1,2,2,2,3,4,2,3,3,3,4,1,4,8,1,1,,,1,,1,,,1,,,3,5,2,4,1,,,,,
R_3ez6QzfQ6ehM7OG,5/31/2016 21:17,5/31/2016 21:24,0,2,1,,,,1,,,,,,1,,,3,,,,1,2,2,1,4,1,3,3,2,5,3,,,,,,,,,,,,,,,,,,,,,,,,,,,,,,,,,,,,,,,,,,,
R_24l7v91WCA6xi4u,5/28/2016 11:21,5/28/2016 11:23,0,2,1,1,,,,,,,,,1,,,2,,1,,,2,8,2,2,4,6,5,5,2,2,,,,,,,,,,,,,,,,,,,,,,,,,,,,,,,,,,,,,,,,,,,
R_O7oKPOeEKCWbDnr,5/27/2016 17:50,5/27/2016 17:52,0,1,1,1,,,,,,,,1,,,,1,,,,1,1,5,2,3,3,4,4,3,5,1,,,,,,,,,,,,,,,,,,,,,,,,,,,,,,,,,,,,,,,,,,,
R_27BvDzaWH7PGa98,5/31/2016 16:06,5/31/2016 16:08,0,2,1,1,,,,,,,,,1,,,2,,,,1,2,4,1,3,3,6,4,3,5,5,2,2,,1,,2,2,1,5,3,3,3,3,5,3,3,3,1,1,1,8,,,,,,,,1,,,,1,3,4,5,2,1,,,,,
R_1ff6KJPSE6ZiBDV,5/27/2016 16:50,5/27/2016 16:53,0,2,1,,,,1,,,,,,1,,,4,,,,1,2,3,1,4,1,4,2,2,5,4,2,2,,2,,2,,,,,,,,,,,,5,5,,,,,,,,,,,,,,,,,,,,,,,,
R_24qlh5vWQGaUJzX,5/29/2016 16:54,5/29/2016 16:56,0,1,1,1,,,,,,,1,,1,,,1,1,,,,1,6,2,3,2,1,2,4,5,1,,,,,,,,,,,,,,,,,,,,,,,,,,,,,,,,,,,,,,,,,,,
R_yDCo7mUVvf9Irq9,5/29/2016 16:34,5/29/2016 16:36,0,2,1,1,,,,,,,1,,,,,2,,,,1,1,7,2,4,3,4,3,2,5,1,,,,,,,,,,,,,,,,,,,,,,,,,,,,,,,,,,,,,,,,,,,
R_5bQm1CoAS2CSxZX,5/29/2016 15:41,5/29/2016 15:50,0,2,1,,,,1,,,,,,,1,,4,,,1,,2,3,1,4,2,1,4,1,5,4,,,,,,,,,,,,,,,,,,,,,,,,,,,,,,,,,,,,,,,,,,,
R_32MgkZEbwDDEfxs,5/31/2016 12:27,5/31/2016 12:29,0,2,3,,,,1,,,,1,,,,,1,,,,1,2,2,1,4,2,3,4,1,5,1,,,,,,,,,,,,,,,,,,,,,,,,,,,,,,,,,,,,,,,,,,,
R_eJsuudN0V1oJMLr,5/29/2016 15:25,5/29/2016 20:19,0,1,1,,1,,,,,,,1,,,,7,,,,1,2,8,1,4,1,1,2,1,5,1,,,,,,,,,,,,,,,,,,,,,,,,,,,,,,,,,,,,,,,,,,,
R_2f0OMbHNZHqY17P,5/29/2016 16:02,5/29/2016 16:03,0,2,4,1,,,,,,,,,1,,,1,,1,,,2,7,2,4,1,1,2,2,5,1,,,,,,,,,,,,,,,,,,,,,,,,,,,,,,,,,,,,,,,,,,,
R_3lX1gMLvlckHyGt,5/29/2016 16:38,5/29/2016 16:39,0,1,1,,,,,,,1,1,,,,,8,1,,,,2,3,1,1,1,3,3,2,4,1,,,,,,,,,,,,,,,,,,,,,,,,,,,,,,,,,,,,,,,,,,,
