ID,race,gender,year,hookup,virginity,partners,honestparents,honestfriends,masturbate,sexacts,phoneapp,,,,,,,
1,black or african-american,woman,2017,"Oral sex ,Fingering/hand jobs ,Penetrative sex ,Kissing",21,,They know nothing,They know most of it,A few times a month,Oral Sex,No,,,,,,,
2,white,man,2017,"Oral sex ,Fingering/hand jobs ,Penetrative sex",17,,They know nothing,They know most of it,A few times a week,Oral Sex,No,,,,,,,
3,white,man,2017,"Kissing ,Oral sex ,Fingering/hand jobs ,Penetrative sex",17,8,They know some of it,They know most of it,A few times a week,"Oral Sex ,Sent a nude photo ,Received a nude photo",Yes- once,,,,,,,
4,black or african-american,man,2017,"Oral sex ,Fingering/hand jobs ,Penetrative sex",20,6,They know nothing,They know most of it,Once a week,"Anal Sex ,Oral Sex",No,,,,,,,
5,asian,man,2017,"Oral sex ,Fingering/hand jobs ,Penetrative sex",18,1,They know nothing,They know some of it,A few times a month,"Oral Sex ,Sent a nude photo ,Received a nude photo",No,,,,,,,
6,white,transgender,2017,"Kissing ,Oral sex ,Fingering/hand jobs ,Penetrative sex",17,5,They know some of it,They know most of it,A few times a week,Oral Sex,No,,,,,,,
7,white,woman,2017,"Oral sex ,Fingering/hand jobs",17,15,They know most of it,They know most of it,A few times a week,"Oral Sex ,Sex with multiple partners at once  ,Anal Sex",Yes- once,,,,,,,
8,white,man,2017,"Fingering/hand jobs ,Oral sex ,Penetrative sex",18,10,They know most of it,They know most of it,A few times a week,"Oral Sex ,Received a nude photo ,Anal Sex",No,,,,,,,
9,hispanic/latino,man,2017,"Kissing ,Oral sex ,Fingering/hand jobs ,Penetrative sex",18,"10
",They know some of it,They know most of it,A few times a week,"Anal Sex ,Oral Sex ,Sent a nude photo ,Received a nude photo",Yes- a few times,,,,,,,
10,white,man,2017,"Kissing ,Oral sex ,Fingering/hand jobs ,Penetrative sex",17,10,They know some of it,They know most of it,Once a day ,"Oral Sex ,Received a nude photo",Yes- once,,,,,,,
11,white,man,2017,Kissing,15,7,They know nothing,They know everything,>1 times a day,"Oral Sex ,Sent a nude photo ,Received a nude photo ,Sex with multiple partners at once ",No,,,,,,,
12,asian,man,2018,"Kissing ,Oral sex ,Fingering/hand jobs ,Penetrative sex",19,3,They know nothing,They know some of it,A few times a week,Oral Sex,No,,,,,,,
13,asian,woman,2018,"Kissing ,Oral sex ,Fingering/hand jobs ,Penetrative sex",19,1,They know nothing,They know most of it,Never,Oral Sex,No,,,,,,,
14,white,man,2017,Kissing,17,20,They know some of it,They know some of it,A few times a week,"Anal Sex ,Oral Sex ,Sent a nude photo ,Received a nude photo",Yes- a few times,,,,,,,
15,white,man,2017,"Kissing ,Oral sex ,Fingering/hand jobs ,Penetrative sex",18,2,They know nothing,They know some of it,A few times a week,"Anal Sex ,Oral Sex ,Sent a nude photo ,Received a nude photo",No,,,,,,,
16,white,woman,2017,"Kissing ,Oral sex ,Fingering/hand jobs ,Penetrative sex",17,17,They know nothing,They know most of it,Never,Oral Sex,No,,,,,,,
17,two or more races,woman,2017,"Kissing ,Oral sex ,Fingering/hand jobs ,Penetrative sex",19,3,They know nothing,They know most of it,A few times a year,"Oral Sex ,Sent a nude photo ,Received a nude photo",No,,,,,,,
18,other,woman,2018,Fingering/hand jobs,15,12,They know most of it,They know most of it,Once a day ,"Oral Sex ,Sent a nude photo ,Received a nude photo",No,,,,,,,
19,hispanic/latino,man,2018,"Penetrative sex ,Fingering/hand jobs ,Oral sex ,Kissing",18,5,They know most of it,They know some of it,Once a week,Oral Sex,No,,,,,,,
20,hispanic/latino,woman,2017,Kissing,18,3,They know some of it,They know some of it,A few times a year,Oral Sex,No,,,,,,,
21,white,woman,2017,"Oral sex ,Fingering/hand jobs ,Penetrative sex",17,20,They know some of it,They know most of it,Once a week,"Anal Sex ,Oral Sex ,Sent a nude photo ,Received a nude photo",Yes- a few times,,,,,,,
22,white,woman,2017,"Kissing ,Oral sex ,Fingering/hand jobs ,Penetrative sex",16,15,They know nothing,They know everything,A few times a month,"Anal Sex ,Oral Sex ,Sent a nude photo ,Received a nude photo",No,,,,,,,
23,white,man,2018,"Kissing ,Oral sex ,Fingering/hand jobs ,Penetrative sex",20,1,They know nothing,They know most of it,Once a day ,Oral Sex,No,,,,,,,
24,asian,woman,2017,Penetrative sex,19,3,They know most of it,They know everything,A few times a week,Oral Sex,Yes- once,,,,,,,
25,asian,woman,2018,"Oral sex ,Penetrative sex",22 and over,1,They know nothing,They know nothing,A few times a month,Oral Sex,No,,,,,,,
26,two or more races,woman,2019,"Penetrative sex ,Fingering/hand jobs ,Oral sex",18,2,They know some of it,They know most of it,A few times a year,"Oral Sex ,Sent a nude photo",No,,,,,,,
27,white,woman,2017,"Kissing ,Oral sex ,Fingering/hand jobs ,Penetrative sex",18,1,They know most of it,They know everything,A few times a month,"Oral Sex ,Sent a nude photo ,Received a nude photo",No,,,,,,,
28,white,woman,2017,"Fingering/hand jobs ,Oral sex",I have never had sex,4,They know some of it,They know most of it,A few times a year,Oral Sex,No,,,,,,,
29,white,woman,2017,"Kissing ,Oral sex ,Fingering/hand jobs ,Penetrative sex",19,3,They know some of it,They know most of it,A few times a month,"Oral Sex ,Sent a nude photo",No,,,,,,,
30,hispanic/latino,man,2017,Oral sex,18,10,They know most of it,They know most of it,A few times a week,"Oral Sex ,Sent a nude photo ,Received a nude photo",Yes- once,,,,,,,
31,hispanic/latino,woman,2017,"Fingering/hand jobs ,Oral sex ,Kissing ,Penetrative sex",18,3,They know nothing,They know some of it,Once a day ,"Oral Sex ,Sent a nude photo ,Received a nude photo",No,,,,,,,
32,american indian,woman,2017,"Oral sex ,Fingering/hand jobs ,Penetrative sex",17,12,They know most of it,They know most of it,Once a week,"Oral Sex ,Received a nude photo",Yes- once,,,,,,,
33,white,woman,2017,"Kissing ,Oral sex ,Fingering/hand jobs ,Penetrative sex",14,30,They know everything,They know everything,A few times a week,"Anal Sex ,Oral Sex ,Sent a nude photo ,Received a nude photo ,Sex with multiple partners at once ",Yes- a few times,,,,,,,
34,two or more races,woman,2017,"Oral sex ,Fingering/hand jobs ,Penetrative sex",19,1,They know nothing,They know some of it,A few times a week,"Oral Sex ,Sent a nude photo ,Received a nude photo",No,,,,,,,
35,white,man,2017,Kissing,19,4,They know most of it,They know most of it,A few times a week,"Received a nude photo ,Oral Sex",No,,,,,,,
36,white,woman,other,Kissing,18,5,They know nothing,They know everything,A few times a week,Oral Sex,No,,,,,,,
37,asian,woman,2017,"Oral sex ,Fingering/hand jobs ,Penetrative sex",20,1,They know everything,They know some of it,Never,"Oral Sex ,Sent a nude photo ,Received a nude photo",No,,,,,,,
38,white,woman,2020,Penetrative sex,I have never had sex,,They know everything,They know most of it,Never,Oral Sex,No,,,,,,,
39,white,man,2017,"Kissing ,Oral sex ,Fingering/hand jobs ,Penetrative sex",19,5,They know nothing,They know some of it,Once a day ,"Oral Sex ,Sent a nude photo ,Received a nude photo",Yes- a few times,,,,,,,
40,white,woman,2018,Kissing,18,11,They know some of it,They know most of it,Never,Oral Sex,No,,,,,,,
41,asian,man,2018,"Kissing ,Penetrative sex",18,1,They know nothing,They know most of it,A few times a week,"Anal Sex ,Oral Sex ,Sent a nude photo ,Received a nude photo",No,,,,,,,
42,white,woman,2020,Kissing,16,1,They know nothing,They know some of it,A few times a year,"Anal Sex ,Oral Sex ,Sent a nude photo ,Received a nude photo",No,,,,,,,
43,asian,man,2020,"Kissing ,Oral sex",17,1,They know nothing,They know most of it,A few times a week,"Oral Sex ,Sent a nude photo ,Received a nude photo",No,,,,,,,
44,white,woman,2019,"Oral sex ,Fingering/hand jobs ,Penetrative sex",19,1,They know some of it,They know most of it,A few times a month,Oral Sex,No,,,,,,,
45,two or more races,woman,2017,Penetrative sex,18,2,They know everything,They know most of it,A few times a week,Oral Sex,No,,,,,,,
46,white,man,2016,"Kissing ,Oral sex ,Fingering/hand jobs ,Penetrative sex",18,10,They know some of it,They know most of it,A few times a week,"Oral Sex ,Sent a nude photo ,Received a nude photo",No,,,,,,,
47,two or more races,man,2019,"Penetrative sex ,Fingering/hand jobs ,Oral sex ,Kissing",17,3,They know most of it,They know most of it,A few times a week,Oral Sex,No,,,,,,,
48,white,woman,2020,Kissing,I have never had sex,20,They know some of it,They know some of it,Never,"Oral Sex ,Sent a nude photo ,Received a nude photo",No,,,,,,,
49,two or more races,man,2017,Penetrative sex,19,5,They know nothing,They know most of it,A few times a week,Oral Sex,No,,,,,,,
50,white,woman,2020,"Kissing ,Oral sex ,Fingering/hand jobs ,Penetrative sex",18,2,They know nothing,They know some of it,Never,Oral Sex,No,,,,,,,
51,white,woman,2017,"Kissing ,Oral sex ,Penetrative sex ,Fingering/hand jobs",19,7,They know some of it,They know most of it,Once a day ,"Oral Sex ,Sex with multiple partners at once ",No,,,,,,,
52,white,woman,2020,"Kissing ,Oral sex ,Fingering/hand jobs ,Penetrative sex",17,8,They know nothing,They know most of it,A few times a year,"Anal Sex ,Oral Sex ,Sent a nude photo ,Received a nude photo",Yes- a few times,,,,,,,
53,two or more races,woman,2020,"Kissing ,Oral sex ,Fingering/hand jobs ,Penetrative sex",18,3,They know nothing,They know everything,Once a month,"Oral Sex ,Received a nude photo",No,,,,,,,
54,white,woman,2020,Penetrative sex,18,1,They know some of it,They know most of it,A few times a month,Oral Sex,No,,,,,,,
55,white,man,2020,"Penetrative sex ,Fingering/hand jobs ,Oral sex ,Kissing",18,2,They know nothing,They know everything,Once a day ,Oral Sex,No,,,,,,,
56,white,woman,2019,Kissing,16,2,They know nothing,They know some of it,A few times a year,"Oral Sex ,Received a nude photo ,Sex with multiple partners at once ",No," that didn't happen and now I am only with girls.""",,,,,,
57,asian,woman,2020,"Fingering/hand jobs ,Oral sex ,Kissing",I have never had sex,5,They know nothing,They know most of it,Once a week,"Anal Sex ,Oral Sex ,Received a nude photo",No,,,,,,,
58,white,woman,2019,"Kissing ,Oral sex ,Fingering/hand jobs",18,1,They know some of it,They know most of it,Never,Oral Sex,No,,,,,,,
59,asian,woman,2020,"Kissing ,Oral sex ,Fingering/hand jobs ,Penetrative sex",18,1,They know some of it,They know some of it,A few times a month,"Oral Sex ,Sent a nude photo ,Sex with multiple partners at once ",No,,,,,,,
60,white,man,2017,Penetrative sex,17,9,They know some of it,They know most of it,Once a week,"Oral Sex ,Sent a nude photo ,Received a nude photo",No,,,,,,,
61,black or african-american,man,2020,Penetrative sex,18,6,They know some of it,They know some of it,A few times a week,"Anal Sex ,Oral Sex ,Sent a nude photo ,Received a nude photo",Yes- once,,,,,,,
62,asian,man,2020,"Penetrative sex ,Fingering/hand jobs ,Oral sex ,Kissing",16,2,They know nothing,They know everything,A few times a month,"Oral Sex ,Sent a nude photo ,Received a nude photo",No,,,,,,,
63,hispanic/latino,man,2017,Kissing,17,3,They know some of it,They know most of it,A few times a week,Oral Sex,No,,,,,,,
64,asian,man,2018,"Kissing ,Penetrative sex ,Fingering/hand jobs ,Oral sex",19,1,They know some of it,They know most of it,Once a week,"Oral Sex ,Sent a nude photo ,Received a nude photo",No,,,,,,,
65,white,man,2020,"Kissing ,Oral sex ,Fingering/hand jobs ,Penetrative sex",18,2,They know some of it,They know everything,A few times a month,Oral Sex,No,,,,,,,
66,white,man,other,Kissing,16,8,They know some of it,They know everything,A few times a week,"Sex with multiple partners at once  ,Received a nude photo ,Sent a nude photo ,Oral Sex ,Anal Sex",No,,,,,,,
67,asian,woman,2018,"Fingering/hand jobs ,Oral sex ,Penetrative sex",19,1,They know everything,They know some of it,A few times a year,Oral Sex,Yes- once,,,,,,,
68,two or more races,man,2019,Kissing,18,5,They know nothing,They know some of it,Once a week,"Oral Sex ,Sent a nude photo ,Received a nude photo",No,,,,,,,
69,white,woman,2019,"Oral sex ,Kissing ,Fingering/hand jobs ,Penetrative sex",19,1,They know nothing,They know most of it,Never,Oral Sex,No,,,,,,,
70,white,woman,2017,"Kissing ,Oral sex ,Fingering/hand jobs ,Penetrative sex",17,8,They know some of it,They know everything,Once a week,Oral Sex,No,,,,,,,
71,american indian,woman,2018,"Kissing ,Fingering/hand jobs ,Oral sex ,Penetrative sex",17,12,They know nothing,They know most of it,Never,Oral Sex,No,,,,,,,
72,white,woman,2019,"Kissing ,Oral sex ,Fingering/hand jobs ,Penetrative sex",18,12,They know nothing,They know some of it,A few times a month,"Oral Sex ,Received a nude photo",Yes- once,,,,,,,
73,white,woman,2019,"Kissing ,Oral sex ,Fingering/hand jobs ,Penetrative sex",18,1,They know everything,They know most of it,A few times a month,"Oral Sex ,Sent a nude photo ,Received a nude photo",No,,,,,,,
74,native hawaiian,woman,2018,"Oral sex ,Fingering/hand jobs ,Penetrative sex",19,1,They know nothing,They know everything,Once a month,Oral Sex,No,,,,,,,
75,asian,woman,2019,"Oral sex ,Penetrative sex ,Fingering/hand jobs",18,2,They know most of it,They know everything,A few times a year,"Anal Sex ,Oral Sex",No,,,,,,,
76,asian,man,2020,Kissing,I have never had sex,6,They know nothing,They know most of it,>1 times a day,"Oral Sex ,Sent a nude photo ,Received a nude photo",No,,,,,,,
77,black or african-american,woman,2020,Penetrative sex,I have never had sex,0,They know most of it,They know nothing,A few times a year,Received a nude photo,No,,,,,,,
78,american indian,man,2019,Penetrative sex,14,2,They know nothing,They know some of it,A few times a week,"Anal Sex ,Oral Sex ,Sent a nude photo ,Received a nude photo",No,,,,,,,
79,white,man,2017,"Kissing ,Oral sex ,Fingering/hand jobs ,Penetrative sex",17,2,They know most of it,They know most of it,A few times a week,Oral Sex,No,,,,,,,
80,white,man,2018,"Kissing ,Oral sex ,Penetrative sex ,Fingering/hand jobs",17,6,They know nothing,They know most of it,Once a day ,"Oral Sex ,Sent a nude photo ,Received a nude photo",Yes- once,,,,,,,
81,two or more races,man,2020,"Oral sex ,Fingering/hand jobs ,Kissing",17,1,They know nothing,They know some of it,Once a week,"Oral Sex ,Received a nude photo ,Sent a nude photo",No,,,,,,,
82,asian,man,2018,Kissing,19,1,They know everything,They know most of it,Never,Oral Sex,No,,,,,,,
83,asian,woman,2020,"Kissing ,Oral sex ,Penetrative sex ,Fingering/hand jobs",17,2,They know nothing,They know most of it,Once a week,"Oral Sex ,Sent a nude photo ,Received a nude photo",No,,,,,,,
84,white,man,2019,"Kissing ,Oral sex ,Fingering/hand jobs ,Penetrative sex",16,5,They know some of it,They know everything,Once a day ,"Anal Sex ,Oral Sex ,Sent a nude photo ,Received a nude photo",No,,,,,,,
85,white,man,2019,Kissing,17,9,They know nothing,They know most of it,A few times a week,"Oral Sex ,Sent a nude photo ,Received a nude photo",Yes- once,,,,,,,
86,two or more races,woman,2018,"Kissing ,Oral sex ,Fingering/hand jobs ,Penetrative sex",19,5,They know nothing,They know most of it,A few times a week,Oral Sex,No,,,,,,,
87,white,woman,2020,"Kissing ,Oral sex ,Fingering/hand jobs",17,4,They know nothing,They know most of it,Never,"Oral Sex ,Sent a nude photo ,Received a nude photo",No,,,,,,,
88,white,woman,2017,"Penetrative sex ,Fingering/hand jobs ,Oral sex ,Kissing",18,1,They know nothing,They know most of it,A few times a year,"Anal Sex ,Oral Sex ,Sent a nude photo ,Received a nude photo",No,,,,,,,
89,asian,man,2020,"Penetrative sex ,Fingering/hand jobs ,Oral sex",18,1,They know some of it,They know most of it,A few times a week,"Anal Sex ,Oral Sex",No,,,,,,,
90,asian,woman,2019,"Penetrative sex ,Fingering/hand jobs ,Oral sex",17,3,They know everything,They know most of it,A few times a week,"Anal Sex ,Oral Sex ,Sent a nude photo ,Received a nude photo",No,,,,,,,
91,asian,man,2019,"Oral sex ,Fingering/hand jobs ,Penetrative sex",18,1,They know nothing,They know most of it,A few times a week,"Sent a nude photo ,Oral Sex",No,,,,,,,
92,white,woman,2020,"Kissing ,Oral sex ,Fingering/hand jobs ,Penetrative sex",18,1,They know some of it,They know everything,Once a week,Oral Sex,No,,,,,,,
93,native hawaiian,woman,2019,"Oral sex ,Fingering/hand jobs ,Penetrative sex",16,4,They know some of it,They know everything,A few times a week,"Anal Sex ,Oral Sex ,Sent a nude photo ,Received a nude photo",No,,,,,,,
94,black or african-american,woman,2019,"Oral sex ,Fingering/hand jobs ,Penetrative sex",16,9,They know some of it,They know everything,>1 times a day,"Oral Sex ,Sent a nude photo ,Received a nude photo ,Sex with multiple partners at once ",Yes- a few times,,,,,,,
95,white,woman,2017,"Kissing ,Oral sex ,Fingering/hand jobs ,Penetrative sex",18,4,They know nothing,They know most of it,A few times a month,Oral Sex,No,,,,,,,
96,white,woman,2020,Penetrative sex,16,6,They know nothing,They know most of it,Never,Oral Sex,No,,,,,,,
97,two or more races,man,2019,"Penetrative sex ,Fingering/hand jobs ,Oral sex",I have never had sex,1,They know some of it,They know some of it,Once a month,Oral Sex,No,,,,,,,
98,black or african-american,woman,2020,Kissing,16,3,They know some of it,They know some of it,A few times a week,"Oral Sex ,Sent a nude photo ,Received a nude photo",No,,,,,,,
99,white,man,2019,"Oral sex ,Fingering/hand jobs ,Penetrative sex ,Kissing",18,1,They know some of it,They know most of it,Once a week,Oral Sex,No,,,,,,,
100,white,woman,2019,Fingering/hand jobs,17,4,They know most of it,They know everything,Once a month,Oral Sex,No,,,,,,,
101,white,woman,2017,"Kissing ,Oral sex ,Fingering/hand jobs ,Penetrative sex",18,1,They know everything,They know some of it,Never,Oral Sex,No,,,,,,,
102,black or african-american,woman,2018,Penetrative sex,16,12,They know most of it,They know everything,A few times a month,"Anal Sex ,Oral Sex ,Received a nude photo ,Sent a nude photo",No,,,,,,,
103,white,woman,2019,Penetrative sex,18,4,They know most of it,They know most of it,A few times a month,Oral Sex,No,,,,,,,
104,white,woman,2017,Oral sex,16,6,They know some of it,They know some of it,Once a week,"Sent a nude photo ,Received a nude photo",No,,,,,,,
105,white,man,2020,"Fingering/hand jobs ,Oral sex ,Penetrative sex",16,10,They know some of it,They know everything,Once a day ,"Sex with multiple partners at once  ,Received a nude photo ,Sent a nude photo ,Oral Sex ,Anal Sex",Yes- once,,,,,,,
106,white,woman,2020,Kissing,16,1,They know some of it,They know everything,Never,Oral Sex,No,,,,,,,
107,hispanic/latino,man,2020,"Fingering/hand jobs ,Penetrative sex ,Oral sex",15,3,They know nothing,They know everything,Once a day ,"Anal Sex ,Oral Sex ,Sent a nude photo ,Received a nude photo",No,,,,,,,
108,white,man,2020,Oral sex,17,7,They know most of it,They know some of it,A few times a week,"Anal Sex ,Sent a nude photo ,Received a nude photo ,Oral Sex",Yes- a few times,,,,,,,
109,hispanic/latino,woman,2020,"Penetrative sex ,Kissing ,Fingering/hand jobs ,Oral sex",17,3,They know nothing,They know everything,A few times a month,"Oral Sex ,Sent a nude photo",No,,,,,,,
110,hispanic/latino,woman,2019,"Oral sex ,Fingering/hand jobs ,Penetrative sex",17,3,They know nothing,They know most of it,A few times a month,"Oral Sex ,Sent a nude photo ,Received a nude photo",No,,,,,,,
111,two or more races,man,2019,Kissing,17,4,They know nothing,They know most of it,A few times a week,"Anal Sex ,Oral Sex ,Sent a nude photo ,Received a nude photo",No,,,,,,,
112,hispanic/latino,man,2020,"Penetrative sex ,Fingering/hand jobs ,Oral sex ,Kissing",I have never had sex,1,They know nothing,They know some of it,A few times a week,"Sent a nude photo ,Received a nude photo ,Oral Sex",No,,,,,,,
113,two or more races,woman,2017,"Fingering/hand jobs ,Penetrative sex",18,5,They know some of it,They know everything,A few times a week,"Anal Sex ,Oral Sex ,Sent a nude photo ,Received a nude photo",Yes- once,,,,,,,
114,white,man,2017,"Kissing ,Oral sex ,Fingering/hand jobs ,Penetrative sex",19,15,They know most of it,They know most of it,A few times a week,"Anal Sex ,Oral Sex ,Sent a nude photo ,Received a nude photo ,Sex with multiple partners at once ",Yes- a few times,,,,,,,
115,asian,man,2019,"Penetrative sex ,Fingering/hand jobs ,Oral sex",18,4,They know nothing,They know some of it,Never,Oral Sex,Yes- once,,,,,,,
116,asian,woman,2018,"Oral sex ,Penetrative sex",18,3,They know nothing,They know most of it,Never,"Oral Sex ,Anal Sex",Yes- once,,,,,,,
117,white,man,2019,Kissing,18,3,They know nothing,They know most of it,A few times a week,"Anal Sex ,Oral Sex",No,,,,,,,
118,white,man,2020,Kissing,16,8,They know some of it,They know most of it,Once a week,"Oral Sex ,Received a nude photo",Yes- a few times,,,,,,,
119,white,man,2018,Kissing,13 or under,30,They know most of it,They know most of it,>1 times a day,"Anal Sex ,Oral Sex ,Sent a nude photo ,Received a nude photo ,Sex with multiple partners at once ",Yes- a few times,,,,,,,
120,asian,man,2018,Kissing,I have never had sex,0,They know everything,They know some of it,A few times a week,"Received a nude photo ,Sent a nude photo",No,,,,,,,
121,asian,man,2020,"Kissing ,Oral sex ,Fingering/hand jobs ,Penetrative sex",I have never had sex,4,They know some of it,They know everything,>1 times a day,"Oral Sex ,Received a nude photo",No,,,,,,,
122,asian,woman,2018,"Fingering/hand jobs ,Oral sex ,Kissing ,Penetrative sex",20,1,They know everything,They know some of it,A few times a week,"Anal Sex ,Oral Sex",No,,,,,,,
123,white,man,2020,"Kissing ,Oral sex ,Fingering/hand jobs ,Penetrative sex",I have never had sex,0,They know most of it,They know some of it,A few times a week,"Oral Sex ,Received a nude photo",No,,,,,,,
124,white,woman,2019,"Kissing ,Oral sex ,Fingering/hand jobs ,Penetrative sex",I have never had sex,0,They know most of it,They know most of it,A few times a year,Oral Sex,No,,,,,,,
125,hispanic/latino,woman,2020,"Kissing ,Oral sex ,Fingering/hand jobs ,Penetrative sex",16,2,They know some of it,They know everything,A few times a week,"Oral Sex ,Sent a nude photo ,Received a nude photo",No,,,,,,,
126,white,woman,2018,"Kissing ,Oral sex ,Fingering/hand jobs ,Penetrative sex",19,1,They know nothing,They know most of it,Never,"Anal Sex ,Oral Sex ,Sent a nude photo ,Received a nude photo",No,,,,,,,
127,two or more races,woman,2019,Penetrative sex,17,4,They know nothing,They know everything,A few times a month,"Sent a nude photo ,Received a nude photo ,Sex with multiple partners at once  ,Oral Sex",No,,,,,,,
128,white,woman,2017,Kissing,17,1,They know most of it,They know everything,A few times a month,"Oral Sex ,Sent a nude photo",No,,,,,,,
129,asian,woman,2020,"Fingering/hand jobs ,Oral sex ,Kissing ,Penetrative sex",17,2,They know nothing,They know most of it,A few times a year,"Anal Sex ,Oral Sex ,Sent a nude photo ,Received a nude photo",Yes- once,,,,,,,
130,asian,woman,2017,"Oral sex ,Fingering/hand jobs ,Penetrative sex",21,1,They know nothing,They know nothing,A few times a month,Oral Sex,No,,,,,,,
131,two or more races,man,2019,Kissing,17,7,They know most of it,They know most of it,Once a week,"Oral Sex ,Sent a nude photo ,Received a nude photo",No,,,,,,,
132,white,man,2020,"Oral sex ,Fingering/hand jobs ,Kissing",16,2,They know some of it,They know most of it,Once a week,"Oral Sex ,Sent a nude photo ,Received a nude photo",No,,,,,,,
133,asian,woman,2017,Penetrative sex,17,3,They know some of it,They know most of it,Never,"Oral Sex ,Received a nude photo",Yes- once,,,,,,,
134,white,woman,2018,"Kissing ,Oral sex ,Fingering/hand jobs ,Penetrative sex",18,9,They know nothing,They know most of it,Once a week,Oral Sex,No,,,,,,,
135,white,woman,2020,"Kissing ,Oral sex ,Fingering/hand jobs ,Penetrative sex",I have never had sex,1,They know nothing,They know some of it,A few times a year,Received a nude photo,No,,,,,,,
136,hispanic/latino,woman,2017,Fingering/hand jobs,20,2,They know nothing,They know most of it,A few times a week,Oral Sex,Yes- once,,,,,,,
137,white,woman,2017,"Kissing ,Oral sex ,Fingering/hand jobs ,Penetrative sex",20,5,They know some of it,They know most of it,Once a week,Oral Sex,No,,,,,,,
138,white,woman,2020,"Kissing ,Fingering/hand jobs ,Oral sex",I have never had sex,0,They know nothing,They know most of it,A few times a week,"Received a nude photo ,Sent a nude photo",No,,,,,,,
139,white,man,2017,"Kissing ,Oral sex ,Fingering/hand jobs ,Penetrative sex",16,16,They know nothing,They know most of it,Once a day ,"Received a nude photo ,Sent a nude photo ,Oral Sex",Yes- a few times,,,,,,,
140,white,man,2020,Kissing,18,1,They know some of it,They know most of it,Once a month,"Oral Sex ,Sent a nude photo ,Received a nude photo",No,,,,,,,
141,asian,woman,2017,"Oral sex ,Fingering/hand jobs ,Penetrative sex",I have never had sex,1,They know nothing,They know some of it,A few times a week,Oral Sex,No,,,,,,,
142,white,man,2019,Fingering/hand jobs,18,6,They know some of it,They know most of it,A few times a week,"Oral Sex ,Sent a nude photo ,Received a nude photo",No,,,,,,,
143,white,woman,2017,"Oral sex ,Fingering/hand jobs ,Penetrative sex",19,1,They know some of it,They know everything,Once a month,"Oral Sex ,Sent a nude photo ,Received a nude photo",No,,,,,,,
144,black or african-american,woman,2020,"Oral sex ,Fingering/hand jobs ,Penetrative sex",17,1,They know some of it,They know everything,A few times a week,"Oral Sex ,Sent a nude photo ,Received a nude photo",No,,,,,,,
145,white,man,2017,"Penetrative sex ,Fingering/hand jobs ,Oral sex",18,7,They know nothing,They know most of it,A few times a week,"Oral Sex ,Sent a nude photo ,Received a nude photo",No,,,,,,,
146,white,man,2020,"Kissing ,Oral sex ,Fingering/hand jobs ,Penetrative sex",I have never had sex,,They know some of it,They know most of it,Once a week,"Oral Sex ,Anal Sex",No,,,,,,,
147,two or more races,woman,2020,Penetrative sex,17,1,They know nothing,They know some of it,A few times a month,"Anal Sex ,Oral Sex",No,,,,,,,
148,asian,woman,2019,"Kissing ,Penetrative sex ,Oral sex ,Fingering/hand jobs",19,1,They know nothing,They know some of it,Never,Oral Sex,No,,,,,,,
149,white,woman,2020,Kissing,17,1,They know nothing,They know some of it,A few times a month,Oral Sex,No,,,,,,,
150,asian,man,2019,Penetrative sex,I have never had sex,0,They know nothing,They know some of it,A few times a week,Sent a nude photo,No,,,,,,,
151,white,man,2020,"Kissing ,Oral sex ,Fingering/hand jobs ,Penetrative sex",17,2,They know most of it,They know everything,A few times a month,"Anal Sex ,Oral Sex",No,,,,,,,
152,white,man,2016,"Penetrative sex ,Oral sex ,Kissing ,Fingering/hand jobs",19,6,They know nothing,They know everything,A few times a week,"Anal Sex ,Oral Sex ,Sent a nude photo ,Received a nude photo ,Sex with multiple partners at once ",Yes- a few times,,,,,,,
153,white,man,2020,"Kissing ,Oral sex ,Fingering/hand jobs ,Penetrative sex",18,,They know nothing,They know everything,A few times a week,Oral Sex,No,,,,,,,
154,hispanic/latino,man,2019,"Kissing ,Oral sex",15,5,They know most of it,They know everything,Once a week,"Oral Sex ,Received a nude photo ,Sex with multiple partners at once ",Yes- once,,,,,,,
155,asian,woman,2019,"Kissing ,Oral sex ,Fingering/hand jobs",18,3,They know nothing,They know most of it,A few times a week,"Oral Sex ,Sent a nude photo",No,,,,,,,
156,white,woman,2020,Kissing,16,3,They know nothing,They know most of it,A few times a year,"Oral Sex ,Sent a nude photo ,Received a nude photo",No,,,,,,,
157,black or african-american,woman,2020,Penetrative sex,17,8,They know some of it,They know everything,A few times a month,"Oral Sex ,Sent a nude photo ,Received a nude photo",Yes - frequently,,,,,,,
158,hispanic/latino,woman,2019,"Kissing ,Oral sex ,Fingering/hand jobs ,Penetrative sex",15,1,They know some of it,They know some of it,A few times a year,"Received a nude photo ,Sent a nude photo ,Oral Sex",No,,,,,,,
159,white,man,2020,Kissing,18,1,They know most of it,They know most of it,A few times a week,"Anal Sex ,Oral Sex",No,,,,,,,
160,asian,genderqueer,2020,"Kissing ,Oral sex ,Penetrative sex ,Fingering/hand jobs",18,1,They know nothing,They know most of it,A few times a month,Oral Sex,No,,,,,,,
161,white,man,2017,"Fingering/hand jobs ,Kissing",18,1,They know everything,They know most of it,Once a day ,"Oral Sex ,Sent a nude photo ,Received a nude photo ,Anal Sex",No,,,,,,,
162,white,woman,2017,"Oral sex ,Fingering/hand jobs ,Penetrative sex",19,1,They know some of it,They know most of it,Once a week,"Oral Sex ,Sent a nude photo ,Received a nude photo",No,,,,,,,
163,asian,man,2017,"Fingering/hand jobs ,Oral sex ,Penetrative sex",19,20,They know nothing,They know everything,Once a day ,"Anal Sex ,Oral Sex ,Sent a nude photo ,Received a nude photo ,Sex with multiple partners at once ",Yes - frequently,,,,,,,
164,asian,woman,2020,"Kissing ,Oral sex ,Fingering/hand jobs ,Penetrative sex",18,1,They know some of it,They know some of it,Never,Oral Sex,No,,,,,,,
165,white,woman,2020,Kissing,I have never had sex,0,They know some of it,They know most of it,Never,Oral Sex,No,,,,,,,
166,white,woman,2017,"Penetrative sex ,Fingering/hand jobs ,Oral sex ,Kissing",18,15,They know nothing,They know some of it,A few times a week,"Oral Sex ,Received a nude photo ,Sent a nude photo",Yes- once,,,,,,,
167,,,,"Kissing ,Fingering/hand jobs ,Penetrative sex ,Oral sex",18,6,They know nothing,They know most of it,A few times a month,"Oral Sex ,Sent a nude photo ,Received a nude photo ,Sex with multiple partners at once ",Yes- once,,,,,,,
168,hispanic/latino,woman,2018,Penetrative sex,19,3,They know nothing,They know most of it,Never,Oral Sex,No,,,,,,,
169,asian,man,2020,"Oral sex ,Fingering/hand jobs ,Penetrative sex",18,2,They know some of it,They know most of it,Once a week,"Oral Sex ,Received a nude photo",No,,,,,,,
170,white,woman,2017,"Kissing ,Oral sex ,Fingering/hand jobs ,Penetrative sex",19,16,They know nothing,They know most of it,A few times a week,"Oral Sex ,Sent a nude photo ,Received a nude photo",No,,,,,,,
171,hispanic/latino,woman,2019,"Fingering/hand jobs ,Penetrative sex",18,1,They know most of it,They know everything,A few times a week,Oral Sex,No,,,,,,,
172,black or african-american,woman,2017,"Kissing ,Oral sex ,Fingering/hand jobs ,Penetrative sex",20,1,They know nothing,They know some of it,Once a day ,Oral Sex,No,,,,,,,
173,black or african-american,man,2018,"Kissing ,Oral sex ,Fingering/hand jobs ,Penetrative sex",20,1,They know nothing,They know some of it,A few times a week,Oral Sex,No,,,,,,,
174,white,woman,2020,"Kissing ,Oral sex ,Fingering/hand jobs ,Penetrative sex",17,2,They know nothing,They know most of it,A few times a year,"Sent a nude photo ,Received a nude photo",No,,,,,,,
175,white,man,2020,"Oral sex ,Fingering/hand jobs ,Penetrative sex",17,1,They know most of it,They know everything,Once a week,"Oral Sex ,Received a nude photo",No,,,,,,,
176,asian,man,2018,"Fingering/hand jobs ,Penetrative sex",I have never had sex,0,They know nothing,They know nothing,A few times a month,Oral Sex,No,,,,,,,
177,asian,man,2020,Kissing,I have never had sex,0,They know nothing,They know some of it,Once a week,Received a nude photo,No,,,,,,,
178,asian,woman,2020,"Kissing ,Fingering/hand jobs ,Oral sex ,Penetrative sex",I have never had sex,0,They know nothing,They know some of it,Never,Oral Sex,No,,,,,,,
179,asian,man,2017,"Kissing ,Oral sex ,Fingering/hand jobs ,Penetrative sex",18,1,They know most of it,They know some of it,A few times a week,Oral Sex,No,,,,,,,
180,two or more races,woman,2017,"Kissing ,Oral sex ,Fingering/hand jobs ,Penetrative sex",18,6,They know some of it,They know everything,Once a day ,Oral Sex,No,,,,,,,
181,hispanic/latino,woman,2020,Penetrative sex,17,1,They know nothing,They know nothing,A few times a week,"Oral Sex ,Sent a nude photo ,Received a nude photo",No,,,,,,,
182,white,man,2019,"Oral sex ,Fingering/hand jobs ,Penetrative sex",18,2,They know most of it,They know most of it,Once a week,Oral Sex,No,,,,,,,
183,white,man,2020,"Oral sex ,Fingering/hand jobs ,Penetrative sex",15,4,They know some of it,They know everything,A few times a week,"Anal Sex ,Oral Sex ,Sent a nude photo ,Received a nude photo",No," I might call you daddy""""",,,,,,
184,asian,woman,2017,"Oral sex ,Fingering/hand jobs ,Penetrative sex",20,2,They know everything,They know most of it,A few times a week,Oral Sex,No,,,,,,,
185,american indian,woman,2017,"Kissing ,Oral sex ,Fingering/hand jobs ,Penetrative sex",21,2,They know some of it,They know some of it,A few times a week,"Oral Sex ,Sent a nude photo ,Received a nude photo ,Sex with multiple partners at once ",No,,,,,,,
186,white,woman,2017,"Kissing ,Oral sex ,Fingering/hand jobs ,Penetrative sex",18,3,They know nothing,They know everything,Never,Oral Sex,No,,,,,,,
187,white,woman,2020,"Kissing ,Oral sex ,Fingering/hand jobs ,Penetrative sex",17,1,They know some of it,They know some of it,Never,"Oral Sex ,Received a nude photo",No,,,,,,,
188,white,man,2017,"Kissing ,Oral sex ,Fingering/hand jobs",16,5,They know some of it,They know most of it,Never,"Oral Sex ,Sent a nude photo ,Received a nude photo",No,,,,,,,
189,white,woman,2017,"Oral sex ,Fingering/hand jobs ,Penetrative sex",I have never had sex,2,They know nothing,They know some of it,Never,"Oral Sex ,Sent a nude photo ,Received a nude photo",No,,,,,,,
190,asian,genderqueer,2020,"Penetrative sex ,Fingering/hand jobs ,Oral sex",I have never had sex,0,They know nothing,They know some of it,>1 times a day,Received a nude photo,No,,,,,,,
191,asian,woman,2020,Fingering/hand jobs,16,1,They know nothing,They know most of it,Once a day ,"Oral Sex ,Sent a nude photo ,Received a nude photo",No,,,,,,,
192,white,man,2020,"Kissing ,Oral sex ,Fingering/hand jobs ,Penetrative sex",16,10,They know nothing,They know some of it,A few times a week,"Anal Sex ,Oral Sex ,Sent a nude photo ,Received a nude photo ,Sex with multiple partners at once ",Yes - frequently,,,,,,,
193,asian,woman,2020,"Oral sex ,Fingering/hand jobs ,Penetrative sex",I have never had sex,0,They know nothing,They know everything,A few times a year,Received a nude photo,No,,,,,,,
194,white,woman,2017,"Kissing ,Oral sex ,Fingering/hand jobs ,Penetrative sex",I have never had sex,0,They know some of it,They know most of it,A few times a year,Oral Sex,No,,,,,,,
195,white,woman,2019,"Oral sex ,Fingering/hand jobs ,Penetrative sex",18,11,They know some of it,They know most of it,A few times a week,"Oral Sex ,Sex with multiple partners at once ",No,,,,,,,
196,white,woman,2020,"Oral sex ,Fingering/hand jobs ,Penetrative sex",18,4,They know nothing,They know most of it,Once a month,"Oral Sex ,Sent a nude photo ,Received a nude photo",Yes- a few times,,,,,,,
197,black or african-american,other,2017,Penetrative sex,14,15,They know nothing,They know some of it,Once a day ,"Anal Sex ,Oral Sex ,Sent a nude photo ,Received a nude photo ,Sex with multiple partners at once ",Yes - frequently,,,,,,,
198,white,woman,2020,Kissing,I have never had sex,0,They know nothing,They know most of it,A few times a year,Received a nude photo,No,,,,,,,
199,asian,man,2020,"Oral sex ,Fingering/hand jobs ,Penetrative sex",18,1,They know nothing,They know some of it,>1 times a day,"Oral Sex ,Sent a nude photo ,Received a nude photo",No,,,,,,,
200,white,woman,other,"Fingering/hand jobs ,Oral sex ,Kissing ,Penetrative sex",19,1,They know some of it,They know most of it,A few times a month,"Oral Sex ,Sent a nude photo ,Received a nude photo",No,,,,,,,
201,black or african-american,man,2020,"Kissing ,Oral sex",I have never had sex,0,They know nothing,They know nothing,Once a day ,Received a nude photo,No,,,,,,,
202,white,woman,2020,"Fingering/hand jobs ,Kissing",16,1,They know nothing,They know some of it,A few times a month,Oral Sex,No,,,,,,,
203,white,woman,2018,"Oral sex ,Fingering/hand jobs ,Penetrative sex",I have never had sex,7,They know some of it,They know most of it,Once a month,Oral Sex,No,,,,,,,
204,two or more races,woman,2020,"Kissing ,Oral sex ,Fingering/hand jobs ,Penetrative sex",I have never had sex,0,They know some of it,They know everything,A few times a year,"Oral Sex ,Received a nude photo",No,,,,,,,
205,white,man,2017,"Kissing ,Fingering/hand jobs",17,12,They know some of it,They know everything,Once a day ,"Anal Sex ,Oral Sex ,Sex with multiple partners at once ",No,,,,,,,
206,hispanic/latino,woman,2020,Fingering/hand jobs,19,1,They know some of it,They know most of it,A few times a week,Sent a nude photo,No,,,,,,,
207,white,woman,2017,"Kissing ,Oral sex ,Fingering/hand jobs ,Penetrative sex",17,5,They know nothing,They know most of it,Never,"Oral Sex ,Received a nude photo",No,,,,,,,
208,asian,woman,2019,"Kissing ,Fingering/hand jobs",18,2,They know nothing,They know most of it,A few times a year,Oral Sex,No,,,,,,,
209,white,man,2019,"Oral sex ,Kissing ,Fingering/hand jobs",17,"7
",They know some of it,They know some of it,Once a day ,"Anal Sex ,Oral Sex ,Sent a nude photo ,Received a nude photo",No,,,,,,,
210,other,woman,2017,Penetrative sex,18,30,They know nothing,They know most of it,>1 times a day,"Sex with multiple partners at once  ,Received a nude photo ,Sent a nude photo ,Oral Sex ,Anal Sex",Yes- a few times,,,,,,,
211,white,man,2020,"Oral sex ,Fingering/hand jobs ,Penetrative sex ,Kissing",18,1,They know nothing,They know some of it,Once a day ,Oral Sex,No,,,,,,,
212,two or more races,woman,2020,"Oral sex ,Fingering/hand jobs ,Penetrative sex",I have never had sex,0,They know nothing,They know some of it,A few times a week,"Sent a nude photo ,Received a nude photo",No,,,,,,,
213,white,man,2017,"Kissing ,Oral sex ,Fingering/hand jobs ,Penetrative sex",19,8,They know nothing,They know everything,A few times a week,"Anal Sex ,Oral Sex",Yes- a few times,,,,,,,
214,white,man,2020,"Oral sex ,Fingering/hand jobs ,Penetrative sex",18,1,They know nothing,They know most of it,A few times a week,"Anal Sex ,Oral Sex ,Sent a nude photo ,Received a nude photo",No,,,,,,,
215,asian,woman,2020,Penetrative sex,I have never had sex,0,They know most of it,They know nothing,A few times a month,Sent a nude photo,No,,,,,,,
216,two or more races,man,2020,"Oral sex ,Fingering/hand jobs ,Kissing",I have never had sex,8,They know everything,They know everything,Once a week,"Oral Sex ,Sent a nude photo ,Received a nude photo",Yes- a few times,,,,,,,
217,asian,woman,2019,Kissing,I have never had sex,0,They know some of it,They know some of it,>1 times a day,Oral Sex,No,,,,,,,
218,white,woman,2017,"Kissing ,Oral sex ,Fingering/hand jobs ,Penetrative sex",20,4,They know most of it,They know everything,Once a day ,Oral Sex,No,,,,,,,
219,white,woman,2020,"Kissing ,Fingering/hand jobs",I have never had sex,0,They know nothing,They know everything,A few times a week,Oral Sex,No,,,,,,,
220,white,man,2019,Penetrative sex,14,7,They know most of it,They know some of it,>1 times a day,"Anal Sex ,Oral Sex ,Sent a nude photo ,Received a nude photo",No,,,,,,,
221,two or more races,man,2020,"Oral sex ,Penetrative sex ,Fingering/hand jobs",16,4,They know nothing,They know most of it,A few times a week,"Oral Sex ,Received a nude photo",Yes- once,,,,,,,
222,white,man,2018,Kissing,18,2,They know most of it,They know most of it,A few times a month,Oral Sex,No,,,,,,,
223,asian,woman,2019,Oral sex,I have never had sex,0,They know some of it,They know some of it,A few times a month,Received a nude photo,No,,,,,,,
224,black or african-american,woman,2017,"Oral sex ,Fingering/hand jobs ,Penetrative sex",18,15,They know nothing,They know everything,A few times a month,"Oral Sex ,Sent a nude photo ,Received a nude photo",Yes- once,,,,,,,
225,white,woman,2019,"Kissing ,Oral sex ,Fingering/hand jobs ,Penetrative sex",I have never had sex,0,They know nothing,They know most of it,A few times a month,"Oral Sex ,Sent a nude photo ,Received a nude photo",No,,,,,,,
226,asian,man,2017,"Kissing ,Penetrative sex ,Oral sex",20,3,They know nothing,They know some of it,A few times a week,"Oral Sex ,Received a nude photo",Yes- a few times,,,,,,,
227,white,man,2020,Kissing,15,5,They know some of it,They know most of it,A few times a week,"Oral Sex ,Sent a nude photo ,Received a nude photo",No,,,,,,,
228,white,woman,2017,"Penetrative sex ,Fingering/hand jobs ,Oral sex",18,1,They know nothing,They know nothing,Once a month,"Oral Sex ,Sent a nude photo ,Received a nude photo",No,,,,,,,
229,asian,man,2018,"Fingering/hand jobs ,Oral sex ,Penetrative sex",20,1,They know some of it,They know some of it,A few times a month,Oral Sex,No,,,,,,,
230,white,woman,2020,"Penetrative sex ,Kissing ,Oral sex ,Fingering/hand jobs",18,5,They know nothing,They know everything,Never,"Anal Sex ,Oral Sex ,Sent a nude photo ,Received a nude photo",Yes- a few times,,,,,,,
231,white,woman,2018,"Oral sex ,Fingering/hand jobs ,Penetrative sex",16,12,They know nothing,They know most of it,A few times a week,Oral Sex,No,,,,,,,
232,asian,woman,2018,"Oral sex ,Fingering/hand jobs ,Penetrative sex",16,22,They know nothing,They know some of it,Once a week,"Oral Sex ,Sent a nude photo ,Received a nude photo",Yes - frequently,,,,,,,
233,asian,man,2019,"Penetrative sex ,Fingering/hand jobs ,Oral sex ,Kissing",I have never had sex,1,They know some of it,They know some of it,A few times a week,Sent a nude photo,No,,,,,,,
234,hispanic/latino,woman,2017,"Kissing ,Penetrative sex ,Oral sex",I have never had sex,1,They know most of it,They know everything,Once a day ,Oral Sex,No,,,,,,,
235,white,man,2018,"Kissing ,Oral sex ,Fingering/hand jobs",15,4,They know some of it,They know most of it,A few times a week,"Anal Sex ,Oral Sex ,Received a nude photo",No,,,,,,,
236,asian,woman,2017,Fingering/hand jobs,20,1,They know everything,They know most of it,A few times a year,"Received a nude photo ,Sent a nude photo ,Anal Sex ,Oral Sex",Yes - frequently,,,,,,,
237,white,woman,2016,Kissing,20,1,They know some of it,They know some of it,Once a month,Oral Sex,No,,,,,,,
238,white,man,2020,"Kissing ,Oral sex ,Fingering/hand jobs ,Penetrative sex",17,13,They know some of it,They know most of it,Once a week,"Oral Sex ,Sent a nude photo ,Received a nude photo",Yes- a few times,,,,,,,
239,white,woman,2019,"Penetrative sex ,Fingering/hand jobs ,Oral sex",19,1,They know most of it,They know most of it,A few times a year,"Anal Sex ,Oral Sex ,Sent a nude photo ,Received a nude photo",No,,,,,,,
240,asian,woman,2020,"Kissing ,Oral sex ,Fingering/hand jobs ,Penetrative sex",I have never had sex,4,They know nothing,They know most of it,A few times a month,Oral Sex,No,,,,,,,
241,white,woman,2020,Kissing,I have never had sex,4,They know nothing,They know most of it,A few times a year,Oral Sex,No,,,,,,,
242,white,woman,2018,"Kissing ,Oral sex ,Fingering/hand jobs ,Penetrative sex",19,2,They know some of it,They know most of it,A few times a week,"Oral Sex ,Sent a nude photo ,Received a nude photo",No,,,,,,,
243,white,woman,2020,Kissing,I have never had sex,2,They know nothing,They know everything,Never,"Oral Sex ,Received a nude photo",No,,,,,,,
244,asian,woman,2017,"Kissing ,Oral sex ,Fingering/hand jobs",20,1,They know nothing,They know everything,Once a day ,"Oral Sex ,Sent a nude photo ,Received a nude photo",No,,,,,,,
245,white,woman,2017,"Kissing ,Fingering/hand jobs ,Oral sex",20,3,They know most of it,They know everything,Once a day ,"Oral Sex ,Received a nude photo ,Sent a nude photo",No,,,,,,,
246,white,man,2017,Kissing,17,30,They know some of it,They know most of it,Once a day ,"Anal Sex ,Oral Sex ,Sent a nude photo ,Received a nude photo ,Sex with multiple partners at once ",Yes- a few times,,,,,,,
247,white,woman,2020,"Kissing ,Fingering/hand jobs ,Oral sex ,Penetrative sex",18,1,They know most of it,They know some of it,A few times a month,"Oral Sex ,Sent a nude photo",No,,,,,,,
248,white,woman,2017,Kissing,I have never had sex,0,They know some of it,They know some of it,Never,Received a nude photo,No,,,,,,,
249,hispanic/latino,man,2020,"Penetrative sex ,Oral sex ,Fingering/hand jobs",17,3,They know nothing,They know most of it,A few times a week,"Oral Sex ,Received a nude photo",No,,,,,,,
250,hispanic/latino,man,2020,"Kissing ,Oral sex ,Fingering/hand jobs ,Penetrative sex",16,10,They know nothing,They know some of it,Once a day ,"Anal Sex ,Oral Sex ,Sent a nude photo ,Received a nude photo ,Sex with multiple partners at once ",Yes - frequently,,,,,,,
251,white,man,2019,"Kissing ,Oral sex ,Fingering/hand jobs",18,3,They know nothing,They know some of it,A few times a week,Oral Sex,No,,,,,,,
252,white,woman,2017,"Kissing ,Oral sex ,Fingering/hand jobs ,Penetrative sex",19,1,They know nothing,They know some of it,A few times a week,Oral Sex,No,,,,,,,
253,asian,woman,2020,"Oral sex ,Fingering/hand jobs ,Penetrative sex",17,2,They know nothing,They know most of it,Once a day ,"Oral Sex ,Sent a nude photo ,Received a nude photo",Yes- once,,,,,,,
254,black or african-american,man,2018,"Kissing ,Oral sex ,Penetrative sex ,Fingering/hand jobs",18,4,They know nothing,They know everything,A few times a month,"Anal Sex ,Oral Sex ,Sent a nude photo ,Received a nude photo",No,,,,,,,
255,white,woman,2019,"Kissing ,Oral sex ,Fingering/hand jobs ,Penetrative sex",I have never had sex,2,They know most of it,They know most of it,Once a month,Oral Sex,No,,,,,,,
256,white,woman,2020,"Fingering/hand jobs ,Oral sex ,Penetrative sex",17,1,They know some of it,They know everything,A few times a month,"Oral Sex ,Received a nude photo ,Sent a nude photo",No,,,,,,,
257,white,man,2017,"Oral sex ,Fingering/hand jobs ,Penetrative sex",19,3,They know some of it,They know everything,Once a month,"Oral Sex ,Received a nude photo",Yes- once,,,,,,,
258,white,woman,2017,"Oral sex ,Fingering/hand jobs ,Penetrative sex",17,15,They know some of it,They know some of it,A few times a week,"Anal Sex ,Oral Sex",Yes- a few times,,,,,,,
259,white,woman,2017,"Kissing ,Oral sex ,Fingering/hand jobs ,Penetrative sex",15,14,They know most of it,They know everything,A few times a month,"Oral Sex ,Sent a nude photo ,Received a nude photo",Yes- a few times,,,,,,,
260,white,woman,2020,Penetrative sex,17,7,They know some of it,They know most of it,Once a month,Oral Sex,Yes- a few times,,,,,,,
261,two or more races,woman,2019,"Kissing ,Oral sex ,Fingering/hand jobs ,Penetrative sex",15,10,They know most of it,They know everything,Never,"Oral Sex ,Sent a nude photo ,Received a nude photo",No,,,,,,,
262,white,woman,2019,"Kissing ,Fingering/hand jobs",I have never had sex,0,They know nothing,They know some of it,Once a day ,Received a nude photo,No,,,,,,,
263,white,man,2019,"Kissing ,Oral sex ,Fingering/hand jobs ,Penetrative sex",I have never had sex,0,They know nothing,They know nothing,A few times a week,Received a nude photo,No,,,,,,,
264,asian,woman,2017,"Penetrative sex ,Oral sex",14,13,They know nothing,They know some of it,A few times a month,"Anal Sex ,Oral Sex ,Sent a nude photo ,Received a nude photo ,Sex with multiple partners at once ",No,,,,,,,
265,other,woman,2020,"Oral sex ,Fingering/hand jobs ,Penetrative sex",13 or under,1,They know everything,They know some of it,A few times a month,"Oral Sex ,Sent a nude photo ,Received a nude photo",No,,,,,,,
266,white,man,2019,Penetrative sex,17,,They know some of it,They know some of it,A few times a week,Oral Sex,No,,,,,,,
267,white,woman,2020,"Kissing ,Fingering/hand jobs ,Oral sex",17,1,They know some of it,They know everything,Once a week,Oral Sex,No,,,,,,,
268,asian,woman,2020,Kissing,I have never had sex,0,They know everything,They know most of it,Never,Oral Sex,No,,,,,,,
269,white,man,2020,Oral sex,13 or under,98,They know everything,They know everything,>1 times a day,Received a nude photo,Yes- once,,,,,,,
270,asian,woman,2019,"Penetrative sex ,Fingering/hand jobs ,Oral sex",18,1,They know nothing,They know some of it,A few times a week,"Oral Sex ,Sent a nude photo ,Received a nude photo",No,,,,,,,
271,hispanic/latino,man,2018,"Kissing ,Oral sex ,Fingering/hand jobs ,Penetrative sex",18,30,They know some of it,They know everything,Once a week,"Oral Sex ,Sent a nude photo ,Received a nude photo ,Sex with multiple partners at once ",No,,,,,,,
272,asian,woman,2018,"Oral sex ,Fingering/hand jobs ,Penetrative sex ,Kissing",15,8,They know nothing,They know everything,A few times a week,Oral Sex,Yes- once,,,,,,,
273,white,woman,2018,"Oral sex ,Fingering/hand jobs ,Penetrative sex",I have never had sex,2,They know some of it,They know most of it,Never,Oral Sex,No,,,,,,,
274,asian,woman,2017,"Oral sex ,Fingering/hand jobs ,Penetrative sex",19,12,They know nothing,They know some of it,>1 times a day,"Oral Sex ,Sent a nude photo ,Received a nude photo",Yes- a few times,,,,,,,
275,white,woman,2019,"Kissing ,Oral sex ,Fingering/hand jobs ,Penetrative sex",17,"6
",They know nothing,They know everything,A few times a week,Oral Sex,No,,,,,,,
276,white,woman,2020,"Kissing ,Oral sex ,Penetrative sex",17,2,They know some of it,They know most of it,A few times a year,Oral Sex,No,,,,,,,
277,two or more races,woman,2020,Penetrative sex,I have never had sex,0,They know nothing,They know some of it,A few times a week,Sent a nude photo,No,,,,,,,
278,asian,man,2018,Penetrative sex,18,2,They know nothing,They know nothing,Once a week,Oral Sex,No,,,,,,,
279,two or more races,man,2020,Penetrative sex,13 or under,12,They know some of it,They know some of it,A few times a week,"Oral Sex ,Anal Sex ,Sent a nude photo ,Received a nude photo",Yes- a few times,,,,,,,
280,two or more races,man,2020,"Kissing ,Oral sex ,Fingering/hand jobs ,Penetrative sex",18,2,They know some of it,They know most of it,A few times a month,"Oral Sex ,Sent a nude photo ,Received a nude photo",No,,,,,,,
281,white,man,2020,"Kissing ,Oral sex ,Fingering/hand jobs ,Penetrative sex",I have never had sex,1,They know most of it,They know most of it,A few times a week,Oral Sex,No,,,,,,,
282,white,woman,2017,"Penetrative sex ,Fingering/hand jobs ,Oral sex ,Kissing",18,5,They know some of it,They know some of it,A few times a month,Oral Sex,No,,,,,,,
283,asian,man,2020,"Kissing ,Oral sex ,Fingering/hand jobs ,Penetrative sex",I have never had sex,0,They know everything,They know everything,Never,Received a nude photo,No,,,,,,,
284,white,woman,2020,Kissing,18,1,They know some of it,They know some of it,A few times a week,"Oral Sex ,Received a nude photo",No,,,,,,,
285,asian,woman,2017,"Oral sex ,Fingering/hand jobs ,Penetrative sex",18,2,They know nothing,They know most of it,A few times a month,"Oral Sex ,Sent a nude photo ,Received a nude photo",No,,,,,,,
286,american indian,woman,2020,"Penetrative sex ,Fingering/hand jobs ,Oral sex",17,4,They know some of it,They know most of it,Once a week,"Oral Sex ,Sent a nude photo ,Received a nude photo",No,,,,,,,
287,white,man,2020,"Kissing ,Oral sex ,Fingering/hand jobs",18,10,They know some of it,They know most of it,A few times a week,Oral Sex,No,,,,,,,
288,two or more races,woman,2017,"Kissing ,Oral sex ,Fingering/hand jobs ,Penetrative sex",21,2,They know some of it,They know most of it,Once a week,Oral Sex,No,,,,,,,
289,asian,man,2020,Kissing,I have never had sex,1,They know most of it,They know some of it,Once a day ,Oral Sex,No,,,,,,,
290,other,woman,2016,"Penetrative sex ,Fingering/hand jobs ,Oral sex ,Kissing",17,10,They know nothing,They know most of it,A few times a year,"Oral Sex ,Received a nude photo",Yes- a few times,,,,,,,
291,white,man,2020,"Oral sex ,Penetrative sex ,Fingering/hand jobs ,Kissing",16,5,They know nothing,They know some of it,A few times a month,"Anal Sex ,Oral Sex ,Received a nude photo ,Sex with multiple partners at once ",Yes- once,,,,,,,
292,hispanic/latino,woman,2017,"Penetrative sex ,Fingering/hand jobs ,Oral sex ,Kissing",I have never had sex,0,They know nothing,They know most of it,Never,Received a nude photo,No,,,,,,,
293,white,woman,2018,"Oral sex ,Fingering/hand jobs ,Penetrative sex ,Kissing",I have never had sex,0,They know everything,They know everything,>1 times a day,"Sent a nude photo ,Received a nude photo",No,,,,,,,
294,white,man,2020,"Penetrative sex ,Fingering/hand jobs ,Oral sex ,Kissing",15,,They know nothing,They know nothing,Never,"Sex with multiple partners at once  ,Received a nude photo ,Sent a nude photo ,Oral Sex ,Anal Sex",No,,,,,,,
295,asian,man,2019,"Fingering/hand jobs ,Penetrative sex ,Oral sex",20,1,They know most of it,They know most of it,A few times a week,"Received a nude photo ,Oral Sex",No,,,,,,,
296,two or more races,man,2018,"Kissing ,Oral sex ,Fingering/hand jobs ,Penetrative sex",17,2,They know nothing,They know most of it,A few times a week,"Oral Sex ,Received a nude photo",No,,,,,,,
297,asian,man,2017,"Oral sex ,Kissing",18,3,They know some of it,They know most of it,A few times a month,Oral Sex,No,,,,,,,
298,asian,woman,2017,"Kissing ,Oral sex ,Fingering/hand jobs ,Penetrative sex",19,3,They know nothing,They know some of it,A few times a year,"Oral Sex ,Anal Sex ,Sent a nude photo ,Received a nude photo",No,,,,,,,
299,american indian,woman,2019,"Penetrative sex ,Fingering/hand jobs ,Oral sex",14,20,They know nothing,They know most of it,A few times a week,"Anal Sex ,Oral Sex ,Sent a nude photo ,Received a nude photo ,Sex with multiple partners at once ",Yes - frequently,,,,,,,
300,black or african-american,woman,2017,"Kissing ,Oral sex ,Fingering/hand jobs ,Penetrative sex",18,2,They know some of it,They know everything,A few times a month,"Anal Sex ,Oral Sex ,Sent a nude photo ,Received a nude photo",Yes- once,,,,,,,
301,white,woman,2020,"Kissing ,Oral sex ,Fingering/hand jobs ,Penetrative sex",17,1,They know everything,They know everything,Once a week,"Oral Sex ,Sent a nude photo ,Received a nude photo",No,,,,,,,
302,asian,woman,2017,"Kissing ,Oral sex ,Fingering/hand jobs ,Penetrative sex",20,2,They know most of it,They know most of it,Once a month,Oral Sex,No,,,,,,,
303,white,woman,2019,Oral sex,22 and over,3,They know nothing,They know nothing,Never,Oral Sex,No,,,,,,,
304,asian,woman,2019,"Kissing ,Oral sex ,Fingering/hand jobs ,Penetrative sex",I have never had sex,0,They know nothing,They know most of it,Once a week,"Oral Sex ,Received a nude photo",No,,,,,,,
305,asian,woman,2020,"Kissing ,Oral sex ,Fingering/hand jobs ,Penetrative sex",15,3,They know nothing,They know some of it,A few times a week,"Oral Sex ,Sent a nude photo ,Received a nude photo",No,,,,,,,
306,asian,woman,2017,Fingering/hand jobs,17,3,They know some of it,They know most of it,Once a month,Oral Sex,No,,,,,,,
307,white,woman,2017,"Fingering/hand jobs ,Oral sex ,Penetrative sex",20,7,They know some of it,They know most of it,Once a day ,"Oral Sex ,Sent a nude photo ,Received a nude photo",No,,,,,,,
308,white,woman,2020,Kissing,18,5,They know some of it,They know most of it,A few times a month,Oral Sex,No,,,,,,,
309,two or more races,woman,2020,Penetrative sex,17,2,They know nothing,They know most of it,Once a month,"Oral Sex ,Sent a nude photo ,Received a nude photo",No,,,,,,,
310,white,man,2019,"Fingering/hand jobs ,Oral sex ,Kissing ,Penetrative sex",I have never had sex,0,They know some of it,They know most of it,Once a week,"Oral Sex ,Received a nude photo",No,,,,,,,
311,white,woman,2017,"Kissing ,Oral sex ,Fingering/hand jobs ,Penetrative sex",18,8,They know some of it,They know everything,A few times a week,"Oral Sex ,Sent a nude photo ,Received a nude photo",Yes - frequently,,,,,,,
312,hispanic/latino,man,2019,"Kissing ,Oral sex ,Fingering/hand jobs ,Penetrative sex",17,15,They know some of it,They know most of it,Once a day ,"Oral Sex ,Sent a nude photo ,Received a nude photo",Yes- a few times,,,,,,,
313,two or more races,woman,2020,"Penetrative sex ,Fingering/hand jobs ,Oral sex",17,1,They know some of it,They know most of it,Once a week,Oral Sex,No," not a shower!""""",,,,,,
314,white,woman,2018,"Kissing ,Oral sex ,Fingering/hand jobs ,Penetrative sex",18,4,They know nothing,They know most of it,A few times a week,"Oral Sex ,Sent a nude photo ,Received a nude photo",No,,,,,,,
315,two or more races,man,2020,"Kissing ,Oral sex ,Penetrative sex",I have never had sex,0,They know nothing,They know some of it,A few times a week,Received a nude photo,No,,,,,,,
316,white,man,2019,Kissing,I have never had sex,0,They know some of it,They know most of it,A few times a week,"Oral Sex ,Received a nude photo",No,,,,,,,
317,white,man,2017,"Kissing ,Oral sex ,Fingering/hand jobs ,Penetrative sex",22 and over,4,They know everything,They know some of it,>1 times a day,"Anal Sex ,Oral Sex ,Sent a nude photo ,Received a nude photo",Yes - frequently,,,,,,,
318,white,woman,2020,"Penetrative sex ,Fingering/hand jobs ,Oral sex ,Kissing",16,4,They know most of it,They know everything,Once a week,"Anal Sex ,Oral Sex ,Sent a nude photo ,Received a nude photo",No,,,,,,,
319,white,man,2020,Penetrative sex,15,"5
",They know most of it,They know most of it,Once a day ,"Anal Sex ,Oral Sex ,Received a nude photo ,Sent a nude photo",No,,,,,,,
320,white,man,2020,Penetrative sex,17,6,They know some of it,They know most of it,A few times a week,"Oral Sex ,Received a nude photo",Yes- a few times,,,,,,,
321,two or more races,man,2018,"Kissing ,Oral sex ,Fingering/hand jobs ,Penetrative sex",17,8,They know some of it,They know most of it,A few times a week,"Oral Sex ,Received a nude photo",Yes- a few times,,,,,,,
322,white,woman,2018,Penetrative sex,18,7,They know some of it,They know most of it,A few times a week,"Oral Sex ,Sent a nude photo ,Received a nude photo",Yes- a few times,,,,,,,
323,white,man,2019,"Oral sex ,Fingering/hand jobs ,Penetrative sex",I have never had sex,0,They know most of it,They know everything,>1 times a day,Received a nude photo,No,,,,,,,
324,white,man,2017,"Kissing ,Oral sex ,Fingering/hand jobs ,Penetrative sex",19,1,They know nothing,They know some of it,Once a day ,Oral Sex,No,,,,,,,
325,asian,woman,2017,"Kissing ,Oral sex ,Fingering/hand jobs ,Penetrative sex",21,2,They know nothing,They know most of it,A few times a week,"Oral Sex ,Sent a nude photo ,Received a nude photo",No,,,,,,,
326,hispanic/latino,woman,2019,Penetrative sex,15,8,They know most of it,They know most of it,A few times a week,"Anal Sex ,Oral Sex ,Sent a nude photo ,Received a nude photo",No,,,,,,,
327,asian,woman,2018,Kissing,20,2,They know nothing,They know most of it,Never,Oral Sex,No,,,,,,,
328,white,man,2018,"Kissing ,Oral sex ,Fingering/hand jobs ,Penetrative sex",19,1,They know most of it,They know most of it,A few times a week,"Received a nude photo ,Sent a nude photo ,Oral Sex",No,,,,,,,
329,white,man,2017,Fingering/hand jobs,19,1,They know some of it,They know some of it,A few times a week,Oral Sex,No,,,,,,,
330,white,woman,2019,Kissing,I have never had sex,0,They know most of it,They know everything,A few times a month,Oral Sex,No,,,,,,,
331,white,woman,2020,"Kissing ,Oral sex ,Fingering/hand jobs ,Penetrative sex",I have never had sex,1,They know nothing,They know some of it,A few times a week,Oral Sex,No,,,,,,,
332,asian,man,2017,"Kissing ,Oral sex ,Fingering/hand jobs ,Penetrative sex",18,2,They know nothing,They know most of it,A few times a week,"Oral Sex ,Sent a nude photo ,Received a nude photo",No,,,,,,,
333,white,man,2019,Fingering/hand jobs,18,3,They know some of it,They know most of it,Once a day ,"Anal Sex ,Oral Sex ,Sent a nude photo ,Received a nude photo",No,,,,,,,
334,white,man,2020,Kissing,14,4,They know some of it,They know everything,Once a week,"Oral Sex ,Received a nude photo",No,,,,,,,
335,white,man,2019,"Oral sex ,Fingering/hand jobs ,Penetrative sex",19,7,They know nothing,They know most of it,Once a week,"Oral Sex ,Received a nude photo",No,,,,,,,
336,hispanic/latino,woman,2017,Penetrative sex,20,1,They know nothing,They know most of it,A few times a week,Oral Sex,No,,,,,,,
337,white,man,2020,"Penetrative sex ,Fingering/hand jobs ,Oral sex ,Kissing",17,2,They know most of it,They know everything,A few times a week,"Anal Sex ,Oral Sex ,Sent a nude photo ,Received a nude photo",Yes- once,,,,,,,
338,asian,man,2020,Oral sex,16,1,They know nothing,They know some of it,A few times a week,Oral Sex,No,,,,,,,
339,white,man,2018,Oral sex,16,2,They know most of it,They know most of it,A few times a week,"Anal Sex ,Oral Sex ,Sent a nude photo ,Received a nude photo",No,,,,,,,
340,white,woman,2020,"Kissing ,Oral sex ,Fingering/hand jobs ,Penetrative sex",17,1,They know most of it,They know everything,A few times a week,"Oral Sex ,Sent a nude photo ,Received a nude photo",No,,,,,,,
341,asian,woman,2019,Penetrative sex,18,1,They know some of it,They know most of it,Never,Received a nude photo,No,,,,,,,
342,hispanic/latino,woman,2018,Kissing,20,"1
",They know some of it,They know some of it,Once a day ,"Oral Sex ,Sent a nude photo",No,,,,,,,
343,asian,woman,2019,"Fingering/hand jobs ,Oral sex ,Penetrative sex",18,2,They know nothing,They know everything,Once a week,Oral Sex,No,,,,,,,
344,white,man,2016,"Fingering/hand jobs ,Oral sex ,Penetrative sex",16,10,They know some of it,They know most of it,A few times a week,"Oral Sex ,Received a nude photo",No,,,,,,,
345,white,woman,2020,"Kissing ,Oral sex ,Fingering/hand jobs ,Penetrative sex",15,7,They know most of it,They know everything,A few times a month,"Oral Sex ,Sent a nude photo ,Received a nude photo",Yes- a few times,,,,,,,
346,white,woman,2017,"Kissing ,Oral sex ,Fingering/hand jobs ,Penetrative sex",18,8,They know nothing,They know most of it,A few times a week,Oral Sex,Yes- once,,,,,,,
347,white,woman,2017,"Kissing ,Oral sex ,Fingering/hand jobs ,Penetrative sex",18,3,They know some of it,They know most of it,A few times a week,"Anal Sex ,Oral Sex",No,,,,,,,
348,white,man,2019,"Kissing ,Oral sex ,Fingering/hand jobs ,Penetrative sex",I have never had sex,2,They know nothing,They know most of it,Once a week,Oral Sex,No,,,,,,,
349,white,man,2019,"Kissing ,Oral sex ,Fingering/hand jobs ,Penetrative sex",18,5,They know most of it,They know everything,A few times a week,"Oral Sex ,Anal Sex ,Received a nude photo",No,,,,,,,
350,two or more races,woman,2020,"Kissing ,Oral sex ,Fingering/hand jobs ,Penetrative sex",16,10,They know some of it,They know most of it,Once a month,Oral Sex,No,,,,,,,
351,native hawaiian,woman,2016,"Fingering/hand jobs ,Oral sex ,Penetrative sex",17,2,They know some of it,They know most of it,Never,Oral Sex,No,,,,,,,
352,white,man,2017,"Kissing ,Oral sex ,Fingering/hand jobs ,Penetrative sex",20,1,They know most of it,They know nothing,A few times a week,"Oral Sex ,Received a nude photo",No,,,,,,,
353,white,woman,2019,"Oral sex ,Fingering/hand jobs ,Penetrative sex",19,1,They know most of it,They know some of it,A few times a month,Oral Sex,No,,,,,,,
354,hispanic/latino,woman,2017,Kissing,15,4,They know some of it,They know everything,Once a month,"Anal Sex ,Oral Sex",No,,,,,,,
355,asian,woman,2020,"Kissing ,Oral sex ,Fingering/hand jobs ,Penetrative sex",I have never had sex,0,They know everything,They know everything,A few times a year,Received a nude photo,No,,,,,,,
356,white,man,2018,Penetrative sex,18,6,They know nothing,They know most of it,A few times a week,"Anal Sex ,Oral Sex ,Sent a nude photo ,Received a nude photo",Yes- once,,,,,,,
357,white,woman,2020,"Kissing ,Oral sex ,Fingering/hand jobs ,Penetrative sex",18,4,They know nothing,They know everything,Once a week,"Oral Sex ,Sex with multiple partners at once ",Yes- a few times,,,,,,,
358,white,woman,2020,"Fingering/hand jobs ,Oral sex ,Kissing",I have never had sex,0,They know some of it,They know most of it,Once a week,"Sent a nude photo ,Received a nude photo",No,,,,,,,
359,hispanic/latino,woman,2018,"Penetrative sex ,Fingering/hand jobs ,Oral sex",17,8,They know some of it,They know some of it,A few times a week,"Oral Sex ,Sent a nude photo ,Received a nude photo",Yes- a few times,,,,,,,
360,white,man,2017,Kissing,19,4,They know nothing,They know some of it,A few times a week,"Oral Sex ,Received a nude photo",No,,,,,,,
361,white,man,2017,"Penetrative sex ,Fingering/hand jobs ,Oral sex",I have never had sex,0,They know nothing,They know some of it,A few times a week,Oral Sex,No,,,,,,,
362,hispanic/latino,man,2017,Kissing,17,4,They know some of it,They know some of it,Once a day ,"Oral Sex ,Received a nude photo",No,,,,,,,
363,asian,woman,2018,"Kissing ,Oral sex ,Fingering/hand jobs ,Penetrative sex",17,3,They know nothing,They know some of it,A few times a week,"Oral Sex ,Sex with multiple partners at once ",No,,,,,,,
364,asian,woman,2020,"Kissing ,Fingering/hand jobs ,Oral sex ,Penetrative sex",18,1,They know nothing,They know most of it,Once a month,"Oral Sex ,Sent a nude photo ,Received a nude photo",No,,,,,,,
365,black or african-american,man,2017,"Kissing ,Oral sex ,Fingering/hand jobs ,Penetrative sex",I have never had sex,0,They know most of it,They know everything,Once a week,Oral Sex,No,,,,,,,
366,two or more races,woman,2019,Kissing,16,7,They know nothing,They know some of it,A few times a year,"Sent a nude photo ,Received a nude photo ,Oral Sex",No,,,,,,,
367,hispanic/latino,woman,2019,Penetrative sex,14,15,They know nothing,They know most of it,A few times a year,"Anal Sex ,Sent a nude photo ,Received a nude photo ,Oral Sex",No,,,,,,,
368,white,woman,2020,"Oral sex ,Fingering/hand jobs ,Penetrative sex",15,13,They know everything,They know everything,Never,"Anal Sex ,Oral Sex ,Sent a nude photo ,Received a nude photo",Yes- once,,,,,,,
369,asian,woman,2020,"Kissing ,Oral sex ,Fingering/hand jobs ,Penetrative sex",18,5,They know nothing,They know everything,Never,"Oral Sex ,Sent a nude photo",No,,,,,,,
370,white,man,2017,"Kissing ,Oral sex ,Penetrative sex",18,1,They know some of it,They know everything,A few times a week,"Oral Sex ,Anal Sex",No,,,,,,,
371,asian,woman,2020,"Kissing ,Penetrative sex",14,2,They know nothing,They know most of it,A few times a month,"Oral Sex ,Received a nude photo",No,,,,,,,
372,hispanic/latino,man,2020,"Kissing ,Oral sex ,Fingering/hand jobs ,Penetrative sex",18,1,They know some of it,They know everything,A few times a week,Oral Sex,No,,,,,,,
373,white,man,2018,"Kissing ,Oral sex ,Fingering/hand jobs ,Penetrative sex",20,4,They know nothing,They know everything,A few times a week,Oral Sex,No,,,,,,,
374,white,woman,2020,"Kissing ,Oral sex ,Penetrative sex ,Fingering/hand jobs",18,1,They know nothing,They know some of it,Once a week,"Oral Sex ,Sent a nude photo ,Received a nude photo",No,,,,,,,
375,hispanic/latino,woman,2020,"Kissing ,Oral sex ,Fingering/hand jobs ,Penetrative sex",I have never had sex,0,They know most of it,They know most of it,Never,Received a nude photo,No,,,,,,,
376,white,man,2020,Kissing,18,15,They know some of it,They know everything,A few times a week,"Oral Sex ,Received a nude photo",No,,,,,,,
377,white,woman,other,"Oral sex ,Fingering/hand jobs ,Penetrative sex",18,3,They know some of it,They know some of it,A few times a week,Oral Sex,No,,,,,,,
378,asian,woman,2020,Kissing,I have never had sex,0,They know nothing,They know most of it,>1 times a day,"Sent a nude photo ,Received a nude photo",No,,,,,,,
379,white,woman,2017,"Penetrative sex ,Fingering/hand jobs ,Oral sex ,Kissing",16,23,They know most of it,They know everything,A few times a week,"Anal Sex ,Oral Sex ,Sent a nude photo ,Received a nude photo",Yes - frequently,,,,,,,
380,native hawaiian,woman,2020,"Penetrative sex ,Kissing ,Oral sex ,Fingering/hand jobs",17,3,They know nothing,They know everything,A few times a month,"Oral Sex ,Sent a nude photo ,Received a nude photo",Yes- a few times,,,,,,,
381,white,man,2020,"Penetrative sex ,Fingering/hand jobs ,Oral sex ,Kissing",17,2,They know some of it,They know everything,Once a day ,"Oral Sex ,Sent a nude photo ,Received a nude photo",No,,,,,,,
382,asian,woman,2020,"Kissing ,Oral sex ,Fingering/hand jobs ,Penetrative sex",18,2,They know nothing,They know everything,Never,"Oral Sex ,Sent a nude photo ,Received a nude photo",No,,,,,,,
383,white,man,2017,"Kissing ,Oral sex ,Fingering/hand jobs ,Penetrative sex",18,6,They know nothing,They know most of it,A few times a week,Oral Sex,No,,,,,,,
384,asian,woman,2017,Kissing,19,1,They know nothing,They know everything,A few times a month,"Received a nude photo ,Sent a nude photo ,Oral Sex",No,,,,,,,
385,white,woman,2020,Kissing,I have never had sex,0,They know some of it,They know everything,Never,Anal Sex,No,,,,,,,
386,two or more races,woman,2020,Penetrative sex,I have never had sex,0,They know nothing,They know some of it,A few times a week,"Sent a nude photo ,Received a nude photo ,Oral Sex",No,,,,,,,
387,two or more races,woman,2020,Penetrative sex,15,4,They know nothing,They know most of it,Never,Oral Sex,No,,,,,,,
388,white,man,2019,Kissing,18,3,They know some of it,They know most of it,A few times a week,"Oral Sex ,Sent a nude photo ,Received a nude photo",No,,,,,,,
389,asian,woman,2018,Kissing,I have never had sex,3,They know nothing,They know some of it,Never,Oral Sex,No,,,,,,,
390,white,woman,2019,"Oral sex ,Fingering/hand jobs ,Penetrative sex",18,2,They know everything,They know everything,A few times a week,"Anal Sex ,Oral Sex ,Received a nude photo ,Sent a nude photo",No,,,,,,,
391,asian,man,2020,"Kissing ,Oral sex ,Fingering/hand jobs ,Penetrative sex",I have never had sex,0,They know nothing,They know everything,A few times a week,Received a nude photo,No,,,,,,,
392,white,woman,2020,Kissing,17,2,They know most of it,They know some of it,A few times a week,"Oral Sex ,Sent a nude photo",No,,,,,,,
393,white,man,2020,"Fingering/hand jobs ,Oral sex ,Penetrative sex",18,6,They know nothing,They know most of it,A few times a month,"Oral Sex ,Received a nude photo",No,,,,,,,
394,white,man,2020,"Kissing ,Oral sex ,Fingering/hand jobs ,Penetrative sex",15,7,They know nothing,They know everything,A few times a month,"Received a nude photo ,Oral Sex",No,,,,,,,
395,white,man,2017,"Kissing ,Oral sex ,Fingering/hand jobs ,Penetrative sex",17,"15
",They know nothing,They know most of it,Once a day ,Oral Sex,No,,,,,,,
396,white,woman,2020,"Kissing ,Oral sex ,Fingering/hand jobs ,Penetrative sex",17,4,They know nothing,They know most of it,A few times a week,"Oral Sex ,Sent a nude photo ,Received a nude photo",Yes- once, good, the condom didn't break!, and I was like Aha, yeah," and then he asked me, Would you get an abortion?"" I have never changed so fast in my life. Who the hell asks that right after sex? He said"," ""You'll definitely be back"," and I never saw him again (at least, yet). I was out."
397,asian,woman,2018,"Kissing ,Oral sex ,Fingering/hand jobs ,Penetrative sex",18,6,They know some of it,They know everything,Once a week,Oral Sex,No,,,,,,,
398,white,woman,2020,"Kissing ,Oral sex ,Fingering/hand jobs ,Penetrative sex",I have never had sex,2,They know most of it,They know everything,Once a week,Oral Sex,No,,,,,,,
399,asian,genderqueer,2020,"Oral sex ,Fingering/hand jobs ,Penetrative sex",I have never had sex,0,They know nothing,They know most of it,A few times a week,"Sent a nude photo ,Received a nude photo",No,,,,,,,
400,white,transgender,2018,"Oral sex ,Fingering/hand jobs ,Penetrative sex",19,3,They know everything,They know everything,Once a day ,Oral Sex,No,,,,,,,
401,white,man,2019,"Penetrative sex ,Fingering/hand jobs ,Oral sex ,Kissing",16,5,They know nothing,They know most of it,>1 times a day,Oral Sex,No,,,,,,,
402,hispanic/latino,man,2020,Kissing,17,2,They know some of it,They know some of it,Once a week,Received a nude photo,No,,,,,,,
403,asian,genderqueer,2020,"Penetrative sex ,Fingering/hand jobs ,Oral sex",17,5,They know nothing,They know most of it,Once a week,"Anal Sex ,Oral Sex ,Sent a nude photo ,Received a nude photo",Yes - frequently,,,,,,,
404,white,woman,2019,"Kissing ,Oral sex ,Fingering/hand jobs ,Penetrative sex",18,1,They know nothing,They know most of it,A few times a month,"Oral Sex ,Sent a nude photo ,Received a nude photo",No,,,,,,,
405,white,woman,2019,"Penetrative sex ,Fingering/hand jobs ,Oral sex ,Kissing",I have never had sex,0,They know everything,They know everything,Never,Received a nude photo,No,,,,,,,
406,white,man,2018,"Kissing ,Oral sex ,Fingering/hand jobs ,Penetrative sex",18,4,They know some of it,They know most of it,Once a month,Oral Sex,Yes- once,,,,,,,
407,white,man,2017,"Oral sex ,Fingering/hand jobs ,Penetrative sex ,Kissing",17,3,They know most of it,They know everything,A few times a week,"Oral Sex ,Sent a nude photo ,Received a nude photo",No,,,,,,,
408,white,woman,2018,Kissing,I have never had sex,0,They know some of it,They know most of it,Once a week,Oral Sex,No,,,,,,,
409,white,man,2019,"Kissing ,Oral sex ,Fingering/hand jobs ,Penetrative sex",19,4,They know most of it,They know everything,A few times a week,"Oral Sex ,Received a nude photo",Yes- a few times,,,,,,,
410,white,man,2019,"Penetrative sex ,Oral sex ,Fingering/hand jobs",16,20,They know nothing,They know some of it,Once a day ,"Anal Sex ,Oral Sex ,Sent a nude photo ,Received a nude photo ,Sex with multiple partners at once ",Yes - frequently,,,,,,,
411,white,woman,2018,Kissing,16,6,They know some of it,They know most of it,Once a week,Oral Sex,No,,,,,,,
412,asian,man,2020,Oral sex,18,2,They know nothing,They know everything,Once a week,Oral Sex,Yes- a few times,,,,,,,
413,two or more races,woman,2019,"Oral sex ,Fingering/hand jobs ,Penetrative sex",18,8,They know some of it,They know everything,A few times a week,"Anal Sex ,Oral Sex",Yes- once," want to do Dartmouth Hall?"" ",,,,,,
414,hispanic/latino,woman,2017,"Oral sex ,Fingering/hand jobs ,Penetrative sex",18,7,They know most of it,They know everything,Once a week,"Anal Sex ,Oral Sex ,Sent a nude photo ,Received a nude photo",No,,,,,,,
415,hispanic/latino,man,2017,"Fingering/hand jobs ,Penetrative sex ,Oral sex",16,8,They know most of it,They know everything,A few times a week,"Anal Sex ,Oral Sex ,Received a nude photo ,Sex with multiple partners at once ",Yes- a few times,,,,,,,
